-- MySQL dump 10.13  Distrib 8.1.0, for Linux (aarch64)
--
-- Host: localhost    Database: pipsap_db
-- ------------------------------------------------------
-- Server version	8.1.0

/*!40101 SET @OLD_CHARACTER_SET_CLIENT=@@CHARACTER_SET_CLIENT */;
/*!40101 SET @OLD_CHARACTER_SET_RESULTS=@@CHARACTER_SET_RESULTS */;
/*!40101 SET @OLD_COLLATION_CONNECTION=@@COLLATION_CONNECTION */;
/*!50503 SET NAMES utf8mb4 */;
/*!40103 SET @OLD_TIME_ZONE=@@TIME_ZONE */;
/*!40103 SET TIME_ZONE='+00:00' */;
/*!40014 SET @OLD_UNIQUE_CHECKS=@@UNIQUE_CHECKS, UNIQUE_CHECKS=0 */;
/*!40014 SET @OLD_FOREIGN_KEY_CHECKS=@@FOREIGN_KEY_CHECKS, FOREIGN_KEY_CHECKS=0 */;
/*!40101 SET @OLD_SQL_MODE=@@SQL_MODE, SQL_MODE='NO_AUTO_VALUE_ON_ZERO' */;
/*!40111 SET @OLD_SQL_NOTES=@@SQL_NOTES, SQL_NOTES=0 */;

--
-- Table structure for table `historical_tav`
--

create database pipsap_db;
use pipsap_db;

DROP TABLE IF EXISTS `historical_tav`;
/*!40101 SET @saved_cs_client     = @@character_set_client */;
/*!50503 SET character_set_client = utf8mb4 */;
CREATE TABLE `historical_tav` (
  `id` int NOT NULL AUTO_INCREMENT,
  `date_key` varchar(255) NOT NULL,
  `recorded_at` datetime(6) NOT NULL,
  `tav_value` decimal(15,2) NOT NULL,
  `user_id` int NOT NULL,
  PRIMARY KEY (`id`),
  KEY `FKkgxr828itpqqpa3hptcbhsmla` (`user_id`),
  CONSTRAINT `FKkgxr828itpqqpa3hptcbhsmla` FOREIGN KEY (`user_id`) REFERENCES `users` (`user_id`)
) ENGINE=InnoDB AUTO_INCREMENT=45 DEFAULT CHARSET=utf8mb4 COLLATE=utf8mb4_0900_ai_ci;
/*!40101 SET character_set_client = @saved_cs_client */;

--
-- Dumping data for table `historical_tav`
--

LOCK TABLES `historical_tav` WRITE;
/*!40000 ALTER TABLE `historical_tav` DISABLE KEYS */;
INSERT INTO `historical_tav` VALUES (1,'2025-07-08','2025-07-08 11:00:18.829944',2293.64,14),(2,'2025-07-08','2025-07-08 11:05:31.256704',3471.26,10),(3,'2025-07-08','2025-07-08 11:05:31.331334',22896.45,11),(4,'2025-07-08','2025-07-08 11:05:31.363501',0.00,12),(5,'2025-07-08','2025-07-08 11:05:31.393871',944.45,13),(6,'2025-07-08','2025-07-08 11:05:31.561805',1178.51,15),(7,'2025-07-08','2025-07-08 11:05:31.584611',1002.61,16),(8,'2025-07-08','2025-07-08 11:05:31.613849',0.00,17),(9,'2025-07-09','2025-07-09 12:28:38.301224',3473.80,10),(10,'2025-07-09','2025-07-09 12:28:38.334339',22856.03,11),(11,'2025-07-09','2025-07-09 12:28:38.343540',0.00,12),(12,'2025-07-09','2025-07-09 12:28:38.352902',940.24,13),(13,'2025-07-09','2025-07-09 12:28:38.364163',2310.36,14),(14,'2025-07-09','2025-07-09 12:28:38.379747',1164.66,15),(15,'2025-07-09','2025-07-09 12:28:38.390992',1001.25,16),(16,'2025-07-09','2025-07-09 12:28:38.397608',0.00,17),(17,'2025-07-14','2025-07-14 14:58:58.544036',3490.96,10),(18,'2025-07-14','2025-07-14 14:58:58.571743',23008.87,11),(19,'2025-07-14','2025-07-14 14:58:58.579088',0.00,12),(20,'2025-07-14','2025-07-14 14:58:58.590373',948.63,13),(21,'2025-07-14','2025-07-14 14:58:58.599735',2321.78,14),(22,'2025-07-14','2025-07-14 14:58:58.609403',1147.20,15),(23,'2025-07-14','2025-07-14 14:58:58.621811',1001.48,16),(24,'2025-07-14','2025-07-14 14:58:58.634283',0.00,17),(25,'2025-07-15','2025-07-15 16:56:25.280354',3469.86,10),(26,'2025-07-15','2025-07-15 16:56:25.311611',22618.38,11),(27,'2025-07-15','2025-07-15 16:56:25.323709',0.00,12),(28,'2025-07-15','2025-07-15 16:56:25.336781',947.06,13),(29,'2025-07-15','2025-07-15 16:56:25.348449',2323.91,14),(30,'2025-07-15','2025-07-15 16:56:25.362032',1147.67,15),(31,'2025-07-15','2025-07-15 16:56:25.374349',1000.74,16),(32,'2025-07-15','2025-07-15 16:56:25.382962',0.00,17),(33,'2025-07-15','2025-07-15 17:06:55.433735',1000.00,18),(34,'2025-07-15','2025-07-15 19:43:41.909414',3458.74,19),(35,'2025-07-16','2025-07-16 09:18:19.640306',3492.44,10),(36,'2025-07-16','2025-07-16 09:18:19.699440',22599.65,11),(37,'2025-07-16','2025-07-16 09:18:19.713288',0.00,12),(38,'2025-07-16','2025-07-16 09:18:19.731712',951.62,13),(39,'2025-07-16','2025-07-16 09:18:19.759729',2317.39,14),(40,'2025-07-16','2025-07-16 09:18:19.786569',1149.36,15),(41,'2025-07-16','2025-07-16 09:18:19.804549',1000.74,16),(42,'2025-07-16','2025-07-16 09:18:19.821304',0.00,17),(43,'2025-07-16','2025-07-16 09:18:19.835384',998.08,18),(44,'2025-07-16','2025-07-16 09:18:19.855789',3461.35,19);
/*!40000 ALTER TABLE `historical_tav` ENABLE KEYS */;
UNLOCK TABLES;

--
-- Table structure for table `portfolio_holdings`
--

DROP TABLE IF EXISTS `portfolio_holdings`;
/*!40101 SET @saved_cs_client     = @@character_set_client */;
/*!50503 SET character_set_client = utf8mb4 */;
CREATE TABLE `portfolio_holdings` (
  `holding_id` int NOT NULL AUTO_INCREMENT,
  `portfolio_id` int NOT NULL,
  `security_id` int NOT NULL,
  `quantity` int NOT NULL,
  `average_purchase_price` decimal(10,2) NOT NULL,
  `last_updated` datetime DEFAULT CURRENT_TIMESTAMP,
  `current_value` decimal(10,2) NOT NULL,
  PRIMARY KEY (`holding_id`),
  UNIQUE KEY `unique_portfolio_security` (`portfolio_id`,`security_id`),
  KEY `security_id` (`security_id`),
  CONSTRAINT `portfolio_holdings_ibfk_1` FOREIGN KEY (`portfolio_id`) REFERENCES `portfolios` (`portfolio_id`) ON DELETE CASCADE,
  CONSTRAINT `portfolio_holdings_ibfk_2` FOREIGN KEY (`security_id`) REFERENCES `securities` (`security_id`) ON DELETE CASCADE
) ENGINE=InnoDB AUTO_INCREMENT=107 DEFAULT CHARSET=utf8mb4 COLLATE=utf8mb4_0900_ai_ci;
/*!40101 SET character_set_client = @saved_cs_client */;

--
-- Dumping data for table `portfolio_holdings`
--

LOCK TABLES `portfolio_holdings` WRITE;
/*!40000 ALTER TABLE `portfolio_holdings` DISABLE KEYS */;
INSERT INTO `portfolio_holdings` VALUES (32,18,29,3,71.01,'2025-05-05 17:41:29',236.40),(33,19,84,1,89.12,'2025-05-05 17:41:57',92.57),(34,19,83,1,286.08,'2025-05-05 17:41:57',276.82),(35,19,82,5,294.37,'2025-05-05 17:41:58',1813.85),(36,19,86,5,225.47,'2025-05-05 17:41:59',1072.80),(37,20,153,6,3762.60,'2025-05-05 17:42:39',22162.50),(38,20,154,1,40.34,'2025-05-05 17:42:40',45.89),(39,20,158,1,271.09,'2025-05-05 17:42:41',287.02),(40,20,167,1,108.34,'2025-05-05 17:42:43',104.24),(41,21,436,2,36.89,'2025-05-10 20:33:23',93.94),(42,21,1,3,212.50,'2025-05-10 20:33:34',632.79),(45,21,4,1,184.42,'2025-05-10 20:33:39',224.89),(82,27,39,4,27.70,'2025-06-21 10:09:20',108.06),(83,27,54,2,374.98,'2025-06-21 10:09:25',729.22),(84,27,69,1,81.40,'2025-06-21 10:09:27',91.67),(85,27,3,1,108.92,'2025-06-21 10:10:20',171.49),(89,28,32,1,130.75,'2025-06-28 23:53:45',131.49),(90,23,4,6,222.58,'2025-07-08 10:38:44',1349.34),(92,29,4,3,226.35,'2025-07-15 17:07:31',674.67),(93,29,9,1,310.78,'2025-07-15 17:07:59',313.24),(97,30,1,2,209.11,'2025-07-15 19:48:11',421.86),(98,30,2,2,505.82,'2025-07-15 19:48:13',1009.22),(99,30,5,1,710.39,'2025-07-15 19:48:34',710.60),(100,30,17,1,967.68,'2025-07-15 19:48:48',967.94),(101,30,18,3,95.39,'2025-07-15 19:48:50',286.89),(102,30,145,1,1.00,'2025-07-15 19:51:15',1.00),(103,30,154,1,45.69,'2025-07-15 19:51:24',45.89),(105,23,12,1,286.55,'2025-07-16 09:29:56',287.90),(106,23,35,1,282.70,'2025-07-16 09:30:02',283.59);
/*!40000 ALTER TABLE `portfolio_holdings` ENABLE KEYS */;
UNLOCK TABLES;

--
-- Table structure for table `portfolios`
--

DROP TABLE IF EXISTS `portfolios`;
/*!40101 SET @saved_cs_client     = @@character_set_client */;
/*!50503 SET character_set_client = utf8mb4 */;
CREATE TABLE `portfolios` (
  `portfolio_id` int NOT NULL AUTO_INCREMENT,
  `user_id` int NOT NULL,
  `name` varchar(100) NOT NULL,
  `description` text,
  `created_at` datetime DEFAULT CURRENT_TIMESTAMP,
  PRIMARY KEY (`portfolio_id`),
  KEY `user_id` (`user_id`),
  CONSTRAINT `portfolios_ibfk_1` FOREIGN KEY (`user_id`) REFERENCES `users` (`user_id`) ON DELETE CASCADE
) ENGINE=InnoDB AUTO_INCREMENT=31 DEFAULT CHARSET=utf8mb4 COLLATE=utf8mb4_0900_ai_ci;
/*!40101 SET character_set_client = @saved_cs_client */;

--
-- Dumping data for table `portfolios`
--

LOCK TABLES `portfolios` WRITE;
/*!40000 ALTER TABLE `portfolios` DISABLE KEYS */;
INSERT INTO `portfolios` VALUES (18,10,'Favorite stocks ','A collection of my favorite stocks','2025-05-05 17:40:49'),(19,10,'Extras','Extra stocks','2025-05-05 17:41:49'),(20,11,'Fun stocks','fun stockssssss','2025-05-05 17:42:26'),(21,13,'favorite stocks','Mahers favorite stocks','2025-05-10 20:33:02'),(23,14,'new ONEEE','testingers\n','2025-06-05 12:05:53'),(27,15,'hi','hjksdhkjbs','2025-06-21 10:08:52'),(28,16,'asdf','asdf','2025-06-28 23:53:07'),(29,18,'My new port ','ports','2025-07-15 17:07:20'),(30,19,'money4ever','money 5 ever','2025-07-15 19:46:25');
/*!40000 ALTER TABLE `portfolios` ENABLE KEYS */;
UNLOCK TABLES;

--
-- Table structure for table `securities`
--

DROP TABLE IF EXISTS `securities`;
/*!40101 SET @saved_cs_client     = @@character_set_client */;
/*!50503 SET character_set_client = utf8mb4 */;
CREATE TABLE `securities` (
  `security_id` int NOT NULL AUTO_INCREMENT,
  `symbol` varchar(10) NOT NULL,
  `name` varchar(100) DEFAULT NULL,
  `exchange` varchar(50) DEFAULT NULL,
  `sector` varchar(100) DEFAULT NULL,
  `price` decimal(10,2) NOT NULL,
  `currency` varchar(10) DEFAULT 'USD',
  `type` varchar(255) DEFAULT NULL,
  PRIMARY KEY (`security_id`),
  UNIQUE KEY `symbol` (`symbol`)
) ENGINE=InnoDB AUTO_INCREMENT=1011 DEFAULT CHARSET=utf8mb4 COLLATE=utf8mb4_0900_ai_ci;
/*!40101 SET character_set_client = @saved_cs_client */;

--
-- Dumping data for table `securities`
--

LOCK TABLES `securities` WRITE;
/*!40000 ALTER TABLE `securities` DISABLE KEYS */;
INSERT INTO `securities` VALUES (1,'AAPL','APPLE INC','NASDAQ','Information Technology',210.93,'USD',NULL),(2,'MSFT','MICROSOFT CORP','NASDAQ','Information Technology',504.61,'USD',NULL),(3,'NVDA','NVIDIA CORP','NASDAQ','Information Technology',171.49,'USD',NULL),(4,'AMZN','AMAZON COM INC','NASDAQ','Consumer Discretionary',224.89,'USD',NULL),(5,'META','META PLATFORMS INC CLASS A','NASDAQ','Communication',710.60,'USD',NULL),(6,'BRK.B','BERKSHIRE HATHAWAY INC CLASS B','New York Stock Exchange Inc.','Financials',470.86,'USD',NULL),(7,'GOOGL','ALPHABET INC CLASS A','NASDAQ','Communication',183.67,'USD',NULL),(8,'AVGO','BROADCOM INC','NASDAQ','Information Technology',279.32,'USD',NULL),(9,'TSLA','TESLA INC','NASDAQ','Consumer Discretionary',313.24,'USD',NULL),(10,'GOOG','ALPHABET INC CLASS C','NASDAQ','Communication',184.82,'USD',NULL),(11,'LLY','ELI LILLY','New York Stock Exchange Inc.','Health Care',774.91,'USD',NULL),(12,'JPM','JPMORGAN CHASE & CO','New York Stock Exchange Inc.','Financials',287.90,'USD',NULL),(13,'V','VISA INC CLASS A','New York Stock Exchange Inc.','Financials',347.35,'USD',NULL),(14,'NFLX','NETFLIX INC','NASDAQ','Communication',1266.00,'USD',NULL),(15,'XOM','EXXON MOBIL CORP','New York Stock Exchange Inc.','Energy',112.88,'USD',NULL),(16,'MA','MASTERCARD INC CLASS A','New York Stock Exchange Inc.','Financials',550.50,'USD',NULL),(17,'COST','COSTCO WHOLESALE CORP','NASDAQ','Consumer Staples',967.94,'USD',NULL),(18,'WMT','WALMART INC','New York Stock Exchange Inc.','Consumer Staples',95.63,'USD',NULL),(19,'PG','PROCTER & GAMBLE','New York Stock Exchange Inc.','Consumer Staples',152.99,'USD',NULL),(20,'UNH','UNITEDHEALTH GROUP INC','New York Stock Exchange Inc.','Health Care',292.36,'USD',NULL),(21,'JNJ','JOHNSON & JOHNSON','New York Stock Exchange Inc.','Health Care',161.38,'USD',NULL),(22,'HD','HOME DEPOT INC','New York Stock Exchange Inc.','Consumer Discretionary',359.84,'USD',NULL),(23,'ABBV','ABBVIE INC','New York Stock Exchange Inc.','Health Care',187.00,'USD',NULL),(24,'KO','COCA-COLA','New York Stock Exchange Inc.','Consumer Staples',69.34,'USD',NULL),(25,'PM','PHILIP MORRIS INTERNATIONAL INC','New York Stock Exchange Inc.','Consumer Staples',181.38,'USD',NULL),(26,'BAC','BANK OF AMERICA CORP','New York Stock Exchange Inc.','Financials',46.04,'USD',NULL),(27,'CRM','SALESFORCE INC','New York Stock Exchange Inc.','Information Technology',258.37,'USD',NULL),(28,'PLTR','PALANTIR TECHNOLOGIES INC CLASS A','NASDAQ','Information Technology',149.40,'USD',NULL),(29,'WFC','WELLS FARGO','New York Stock Exchange Inc.','Financials',78.80,'USD',NULL),(30,'CSCO','CISCO SYSTEMS INC','NASDAQ','Information Technology',67.33,'USD',NULL),(31,'MCD','MCDONALDS CORP','New York Stock Exchange Inc.','Consumer Discretionary',300.02,'USD',NULL),(32,'ABT','ABBOTT LABORATORIES','New York Stock Exchange Inc.','Health Care',131.49,'USD',NULL),(33,'ORCL','ORACLE CORP','New York Stock Exchange Inc.','Information Technology',234.96,'USD',NULL),(34,'CVX','CHEVRON CORP','New York Stock Exchange Inc.','Energy',150.69,'USD',NULL),(35,'IBM','INTERNATIONAL BUSINESS MACHINES CO','New York Stock Exchange Inc.','Information Technology',283.59,'USD',NULL),(36,'LIN','LINDE PLC','NASDAQ','Materials',460.56,'USD',NULL),(37,'GE','GE AEROSPACE','New York Stock Exchange Inc.','Industrials',264.67,'USD',NULL),(38,'MRK','MERCK & CO INC','New York Stock Exchange Inc.','Health Care',81.52,'USD',NULL),(39,'T','AT&T INC','New York Stock Exchange Inc.','Communication',27.02,'USD',NULL),(40,'NOW','SERVICENOW INC','New York Stock Exchange Inc.','Information Technology',956.92,'USD',NULL),(41,'ACN','ACCENTURE PLC CLASS A','New York Stock Exchange Inc.','Information Technology',276.07,'USD',NULL),(42,'PEP','PEPSICO INC','NASDAQ','Consumer Staples',133.81,'USD',NULL),(43,'VZ','VERIZON COMMUNICATIONS INC','New York Stock Exchange Inc.','Communication',41.26,'USD',NULL),(44,'ISRG','INTUITIVE SURGICAL INC','NASDAQ','Health Care',512.23,'USD',NULL),(45,'INTU','INTUIT INC','NASDAQ','Information Technology',745.95,'USD',NULL),(46,'BKNG','BOOKING HOLDINGS INC','NASDAQ','Consumer Discretionary',5675.53,'USD',NULL),(47,'RTX','RTX CORP','New York Stock Exchange Inc.','Industrials',148.68,'USD',NULL),(48,'QCOM','QUALCOMM INC','NASDAQ','Information Technology',154.30,'USD',NULL),(49,'DIS','WALT DISNEY','New York Stock Exchange Inc.','Communication',118.98,'USD',NULL),(50,'GS','GOLDMAN SACHS GROUP INC','New York Stock Exchange Inc.','Financials',702.51,'USD',NULL),(51,'UBER','UBER TECHNOLOGIES INC','New York Stock Exchange Inc.','Industrials',92.21,'USD',NULL),(52,'PGR','PROGRESSIVE CORP','New York Stock Exchange Inc.','Financials',242.20,'USD',NULL),(53,'TMO','THERMO FISHER SCIENTIFIC INC','New York Stock Exchange Inc.','Health Care',417.99,'USD',NULL),(54,'ADBE','ADOBE INC','NASDAQ','Information Technology',364.61,'USD',NULL),(55,'AMD','ADVANCED MICRO DEVICES INC','NASDAQ','Information Technology',155.61,'USD',NULL),(56,'SPGI','S&P GLOBAL INC','New York Stock Exchange Inc.','Financials',522.28,'USD',NULL),(57,'AMGN','AMGEN INC','NASDAQ','Health Care',292.51,'USD',NULL),(58,'BSX','BOSTON SCIENTIFIC CORP','New York Stock Exchange Inc.','Health Care',103.48,'USD',NULL),(59,'CAT','CATERPILLAR INC','New York Stock Exchange Inc.','Industrials',404.64,'USD',NULL),(60,'AXP','AMERICAN EXPRESS','New York Stock Exchange Inc.','Financials',310.65,'USD',NULL),(61,'TJX','TJX INC','New York Stock Exchange Inc.','Consumer Discretionary',121.74,'USD',NULL),(62,'TXN','TEXAS INSTRUMENT INC','NASDAQ','Information Technology',218.36,'USD',NULL),(63,'PFE','PFIZER INC','New York Stock Exchange Inc.','Health Care',24.61,'USD',NULL),(64,'NEE','NEXTERA ENERGY INC','New York Stock Exchange Inc.','Utilities',74.70,'USD',NULL),(65,'HON','HONEYWELL INTERNATIONAL INC','NASDAQ','Industrials',235.30,'USD',NULL),(66,'BA','BOEING','New York Stock Exchange Inc.','Industrials',230.00,'USD',NULL),(67,'SYK','STRYKER CORP','New York Stock Exchange Inc.','Health Care',390.59,'USD',NULL),(68,'BLK','BLACKROCK INC','New York Stock Exchange Inc.','Financials',1046.16,'USD',NULL),(69,'SCHW','CHARLES SCHWAB CORP','New York Stock Exchange Inc.','Financials',91.67,'USD',NULL),(70,'GILD','GILEAD SCIENCES INC','NASDAQ','Health Care',109.06,'USD',NULL),(71,'MS','MORGAN STANLEY','New York Stock Exchange Inc.','Financials',141.59,'USD',NULL),(72,'VRTX','VERTEX PHARMACEUTICALS INC','NASDAQ','Health Care',464.20,'USD',NULL),(73,'UNP','UNION PACIFIC CORP','New York Stock Exchange Inc.','Industrials',231.14,'USD',NULL),(74,'C','CITIGROUP INC','New York Stock Exchange Inc.','Financials',91.05,'USD',NULL),(75,'DHR','DANAHER CORP','New York Stock Exchange Inc.','Health Care',192.86,'USD',NULL),(76,'CMCSA','COMCAST CORP CLASS A','NASDAQ','Communication',34.72,'USD',NULL),(77,'LOW','LOWES COMPANIES INC','New York Stock Exchange Inc.','Consumer Discretionary',215.01,'USD',NULL),(78,'ADP','AUTOMATIC DATA PROCESSING INC','NASDAQ','Industrials',298.18,'USD',NULL),(79,'AMAT','APPLIED MATERIAL INC','NASDAQ','Information Technology',199.29,'USD',NULL),(80,'PANW','PALO ALTO NETWORKS INC','NASDAQ','Information Technology',192.25,'USD',NULL),(81,'TMUS','T MOBILE US INC','NASDAQ','Communication',226.02,'USD',NULL),(82,'ETN','EATON PLC','New York Stock Exchange Inc.','Industrials',362.77,'USD',NULL),(83,'CB','CHUBB LTD','New York Stock Exchange Inc.','Financials',276.82,'USD',NULL),(84,'COP','CONOCOPHILLIPS','New York Stock Exchange Inc.','Energy',92.57,'USD',NULL),(85,'DE','DEERE','New York Stock Exchange Inc.','Industrials',503.47,'USD',NULL),(86,'MMC','MARSH & MCLENNAN INC','New York Stock Exchange Inc.','Financials',214.56,'USD',NULL),(87,'MDT','MEDTRONIC PLC','New York Stock Exchange Inc.','Health Care',89.22,'USD',NULL),(88,'AMT','AMERICAN TOWER REIT CORP','New York Stock Exchange Inc.','Real Estate',218.92,'USD',NULL),(89,'FI','FISERV INC','New York Stock Exchange Inc.','Financials',164.42,'USD',NULL),(90,'BMY','BRISTOL MYERS SQUIBB','New York Stock Exchange Inc.','Health Care',46.43,'USD',NULL),(91,'GEV','GE VERNOVA INC','New York Stock Exchange Inc.','Industrials',559.61,'USD',NULL),(92,'LMT','LOCKHEED MARTIN CORP','New York Stock Exchange Inc.','Industrials',470.12,'USD',NULL),(93,'SO','SOUTHERN','New York Stock Exchange Inc.','Utilities',92.47,'USD',NULL),(94,'MO','ALTRIA GROUP INC','New York Stock Exchange Inc.','Consumer Staples',58.48,'USD',NULL),(95,'CME','CME GROUP INC CLASS A','NASDAQ','Financials',275.00,'USD',NULL),(96,'CRWD','CROWDSTRIKE HOLDINGS INC CLASS A','NASDAQ','Information Technology',473.28,'USD',NULL),(97,'ELV','ELEVANCE HEALTH INC','New York Stock Exchange Inc.','Health Care',336.21,'USD',NULL),(98,'ADI','ANALOG DEVICES INC','NASDAQ','Information Technology',240.42,'USD',NULL),(99,'ICE','INTERCONTINENTAL EXCHANGE INC','New York Stock Exchange Inc.','Financials',179.79,'USD',NULL),(100,'BX','BLACKSTONE INC','New York Stock Exchange Inc.','Financials',159.80,'USD',NULL),(101,'PLD','PROLOGIS REIT INC','New York Stock Exchange Inc.','Real Estate',108.62,'USD',NULL),(102,'WELL','WELLTOWER INC','New York Stock Exchange Inc.','Real Estate',156.71,'USD',NULL),(103,'DUK','DUKE ENERGY CORP','New York Stock Exchange Inc.','Utilities',117.10,'USD',NULL),(104,'WM','WASTE MANAGEMENT INC','New York Stock Exchange Inc.','Industrials',225.84,'USD',NULL),(105,'KLAC','KLA CORP','NASDAQ','Information Technology',936.53,'USD',NULL),(106,'LRCX','LAM RESEARCH CORP','NASDAQ','Information Technology',101.07,'USD',NULL),(107,'CI','CIGNA','New York Stock Exchange Inc.','Health Care',302.44,'USD',NULL),(108,'MDLZ','MONDELEZ INTERNATIONAL INC CLASS A','NASDAQ','Consumer Staples',66.74,'USD',NULL),(109,'SBUX','STARBUCKS CORP','NASDAQ','Consumer Discretionary',92.48,'USD',NULL),(110,'APH','AMPHENOL CORP CLASS A','New York Stock Exchange Inc.','Information Technology',99.44,'USD',NULL),(111,'MCK','MCKESSON CORP','New York Stock Exchange Inc.','Health Care',710.82,'USD',NULL),(112,'SPOT','SPOTIFY TECHNOLOGY SA','New York Stock Exchange Inc.','Communication',710.46,'USD',NULL),(113,'MSTR','MICROSTRATEGY INC CLASS A','NASDAQ','Information Technology',442.31,'USD',NULL),(114,'INTC','INTEL CORPORATION CORP','NASDAQ','Information Technology',22.92,'USD',NULL),(115,'TT','TRANE TECHNOLOGIES PLC','New York Stock Exchange Inc.','Industrials',436.36,'USD',NULL),(116,'ANET','ARISTA NETWORKS INC','New York Stock Exchange Inc.','Information Technology',107.37,'USD',NULL),(117,'MU','MICRON TECHNOLOGY INC','NASDAQ','Information Technology',120.11,'USD',NULL),(118,'CVS','CVS HEALTH CORP','New York Stock Exchange Inc.','Health Care',63.94,'USD',NULL),(119,'EQIX','EQUINIX REIT INC','NASDAQ','Real Estate',759.96,'USD',NULL),(120,'SHW','SHERWIN WILLIAMS','New York Stock Exchange Inc.','Materials',339.05,'USD',NULL),(121,'ORLY','OREILLY AUTOMOTIVE INC','NASDAQ','Consumer Discretionary',91.19,'USD',NULL),(122,'CDNS','CADENCE DESIGN SYSTEMS INC','NASDAQ','Information Technology',318.04,'USD',NULL),(123,'AJG','ARTHUR J GALLAGHER','New York Stock Exchange Inc.','Financials',308.06,'USD',NULL),(124,'PH','PARKER-HANNIFIN CORP','New York Stock Exchange Inc.','Industrials',708.64,'USD',NULL),(125,'KKR','KKR AND CO INC','New York Stock Exchange Inc.','Financials',137.21,'USD',NULL),(126,'TDG','TRANSDIGM GROUP INC','New York Stock Exchange Inc.','Industrials',1575.57,'USD',NULL),(127,'MMM','3M','New York Stock Exchange Inc.','Industrials',156.59,'USD',NULL),(128,'CL','COLGATE-PALMOLIVE','New York Stock Exchange Inc.','Consumer Staples',88.15,'USD',NULL),(129,'GD','GENERAL DYNAMICS CORP','New York Stock Exchange Inc.','Industrials',300.85,'USD',NULL),(130,'CTAS','CINTAS CORP','NASDAQ','Industrials',213.24,'USD',NULL),(131,'MSI','MOTOROLA SOLUTIONS INC','New York Stock Exchange Inc.','Information Technology',408.73,'USD',NULL),(132,'MCO','MOODYS CORP','New York Stock Exchange Inc.','Financials',495.28,'USD',NULL),(133,'APO','APOLLO GLOBAL MANAGEMENT INC','New York Stock Exchange Inc.','Financials',145.72,'USD',NULL),(134,'WMB','WILLIAMS INC','New York Stock Exchange Inc.','Energy',58.37,'USD',NULL),(135,'SNPS','SYNOPSYS INC','NASDAQ','Information Technology',569.10,'USD',NULL),(136,'APP','APPLOVIN CORP CLASS A','NASDAQ','Information Technology',352.96,'USD',NULL),(137,'ZTS','ZOETIS INC CLASS A','New York Stock Exchange Inc.','Health Care',152.86,'USD',NULL),(138,'CEG','CONSTELLATION ENERGY CORP','NASDAQ','Utilities',317.99,'USD',NULL),(139,'ITW','ILLINOIS TOOL INC','New York Stock Exchange Inc.','Industrials',256.37,'USD',NULL),(140,'AON','AON PLC CLASS A','New York Stock Exchange Inc.','Financials',352.38,'USD',NULL),(141,'UPS','UNITED PARCEL SERVICE INC CLASS B','New York Stock Exchange Inc.','Industrials',99.53,'USD',NULL),(142,'CMG','CHIPOTLE MEXICAN GRILL INC','New York Stock Exchange Inc.','Consumer Discretionary',54.04,'USD',NULL),(143,'COF','CAPITAL ONE FINANCIAL CORP','New York Stock Exchange Inc.','Financials',215.34,'USD',NULL),(144,'DASH','DOORDASH INC CLASS A','NASDAQ','Consumer Discretionary',236.77,'USD',NULL),(145,'XTSLA','BLK CSH FND TREASURY SL AGENCY','--','Cash and/or Derivatives',1.00,'USD',NULL),(146,'NKE','NIKE INC CLASS B','New York Stock Exchange Inc.','Consumer Discretionary',74.42,'USD',NULL),(147,'NOC','NORTHROP GRUMMAN CORP','New York Stock Exchange Inc.','Industrials',501.47,'USD',NULL),(148,'PYPL','PAYPAL HOLDINGS INC','NASDAQ','Financials',75.15,'USD',NULL),(149,'CRH','CRH PUBLIC LIMITED PLC','New York Stock Exchange Inc.','Materials',94.91,'USD',NULL),(150,'FTNT','FORTINET INC','NASDAQ','Information Technology',104.29,'USD',NULL),(151,'PNC','PNC FINANCIAL SERVICES GROUP INC','New York Stock Exchange Inc.','Financials',197.49,'USD',NULL),(152,'HCA','HCA HEALTHCARE INC','New York Stock Exchange Inc.','Health Care',382.01,'USD',NULL),(153,'AZO','AUTOZONE INC','New York Stock Exchange Inc.','Consumer Discretionary',3693.75,'USD',NULL),(154,'USB','US BANCORP','New York Stock Exchange Inc.','Financials',45.89,'USD',NULL),(155,'ECL','ECOLAB INC','New York Stock Exchange Inc.','Materials',271.12,'USD',NULL),(156,'REGN','REGENERON PHARMACEUTICALS INC','NASDAQ','Health Care',559.46,'USD',NULL),(157,'EOG','EOG RESOURCES INC','New York Stock Exchange Inc.','Energy',123.22,'USD',NULL),(158,'APD','AIR PRODUCTS AND CHEMICALS INC','New York Stock Exchange Inc.','Materials',287.02,'USD',NULL),(159,'NEM','NEWMONT','New York Stock Exchange Inc.','Materials',57.22,'USD',NULL),(160,'AFL','AFLAC INC','New York Stock Exchange Inc.','Financials',103.24,'USD',NULL),(161,'EMR','EMERSON ELECTRIC','New York Stock Exchange Inc.','Industrials',139.08,'USD',NULL),(162,'ROP','ROPER TECHNOLOGIES INC','NASDAQ','Information Technology',566.94,'USD',NULL),(163,'BDX','BECTON DICKINSON','New York Stock Exchange Inc.','Health Care',175.17,'USD',NULL),(164,'TRV','TRAVELERS COMPANIES INC','New York Stock Exchange Inc.','Financials',258.50,'USD',NULL),(165,'ADSK','AUTODESK INC','NASDAQ','Information Technology',316.51,'USD',NULL),(166,'BK','BANK OF NEW YORK MELLON CORP','New York Stock Exchange Inc.','Financials',92.98,'USD',NULL),(167,'AEP','AMERICAN ELECTRIC POWER INC','NASDAQ','Utilities',104.24,'USD',NULL),(168,'HWM','HOWMET AEROSPACE INC','New York Stock Exchange Inc.','Industrials',175.92,'USD',NULL),(169,'JCI','JOHNSON CONTROLS INTERNATIONAL PLC','New York Stock Exchange Inc.','Industrials',105.48,'USD',NULL),(170,'CSX','CSX CORP','NASDAQ','Industrials',33.57,'USD',NULL),(171,'HLT','HILTON WORLDWIDE HOLDINGS INC','New York Stock Exchange Inc.','Consumer Discretionary',272.89,'USD',NULL),(172,'MAR','MARRIOTT INTERNATIONAL INC CLASS A','NASDAQ','Consumer Discretionary',281.34,'USD',NULL),(173,'DLR','DIGITAL REALTY TRUST REIT INC','New York Stock Exchange Inc.','Real Estate',169.16,'USD',NULL),(174,'CPRT','COPART INC','NASDAQ','Industrials',48.61,'USD',NULL),(175,'CARR','CARRIER GLOBAL CORP','New York Stock Exchange Inc.','Industrials',75.14,'USD',NULL),(176,'ABNB','AIRBNB INC CLASS A','NASDAQ','Consumer Discretionary',137.44,'USD',NULL),(177,'ALL','ALLSTATE CORP','New York Stock Exchange Inc.','Financials',194.96,'USD',NULL),(178,'WDAY','WORKDAY INC CLASS A','NASDAQ','Information Technology',240.47,'USD',NULL),(179,'FCX','FREEPORT MCMORAN INC','New York Stock Exchange Inc.','Materials',45.06,'USD',NULL),(180,'LNG','CHENIERE ENERGY INC','New York Stock Exchange Inc.','Energy',234.72,'USD',NULL),(181,'RSG','REPUBLIC SERVICES INC','New York Stock Exchange Inc.','Industrials',240.22,'USD',NULL),(182,'TFC','TRUIST FINANCIAL CORP','New York Stock Exchange Inc.','Financials',45.71,'USD',NULL),(183,'OKE','ONEOK INC','New York Stock Exchange Inc.','Energy',80.84,'USD',NULL),(184,'RCL','ROYAL CARIBBEAN GROUP LTD','New York Stock Exchange Inc.','Consumer Discretionary',328.99,'USD',NULL),(185,'KMI','KINDER MORGAN INC','New York Stock Exchange Inc.','Energy',27.84,'USD',NULL),(186,'SPG','SIMON PROPERTY GROUP REIT INC','New York Stock Exchange Inc.','Real Estate',164.69,'USD',NULL),(187,'AIG','AMERICAN INTERNATIONAL GROUP INC','New York Stock Exchange Inc.','Financials',83.16,'USD',NULL),(188,'COR','CENCORA INC','New York Stock Exchange Inc.','Health Care',299.58,'USD',NULL),(189,'O','REALTY INCOME REIT CORP','New York Stock Exchange Inc.','Real Estate',57.86,'USD',NULL),(190,'NSC','NORFOLK SOUTHERN CORP','New York Stock Exchange Inc.','Industrials',263.35,'USD',NULL),(191,'MRVL','MARVELL TECHNOLOGY INC','NASDAQ','Information Technology',73.06,'USD',NULL),(192,'SNOW','SNOWFLAKE INC CLASS A','New York Stock Exchange Inc.','Information Technology',221.28,'USD',NULL),(193,'KR','KROGER','New York Stock Exchange Inc.','Consumer Staples',70.51,'USD',NULL),(194,'PSA','PUBLIC STORAGE REIT','New York Stock Exchange Inc.','Real Estate',294.79,'USD',NULL),(195,'PAYX','PAYCHEX INC','NASDAQ','Industrials',145.68,'USD',NULL),(196,'FICO','FAIR ISAAC CORP','New York Stock Exchange Inc.','Information Technology',1680.00,'USD',NULL),(197,'SRE','SEMPRA','New York Stock Exchange Inc.','Utilities',74.22,'USD',NULL),(198,'SLB','SCHLUMBERGER NV','New York Stock Exchange Inc.','Energy',36.31,'USD',NULL),(199,'EXC','EXELON CORP','NASDAQ','Utilities',42.79,'USD',NULL),(200,'FDX','FEDEX CORP','New York Stock Exchange Inc.','Industrials',239.42,'USD',NULL),(201,'PCAR','PACCAR INC','NASDAQ','Industrials',99.08,'USD',NULL),(202,'FAST','FASTENAL','NASDAQ','Industrials',42.81,'USD',NULL),(203,'CCI','CROWN CASTLE INC','New York Stock Exchange Inc.','Real Estate',102.06,'USD',NULL),(204,'DFS','DISCOVER FINANCIAL SERVICES','New York Stock Exchange Inc.','Financials',182.67,'USD',NULL),(205,'D','DOMINION ENERGY INC','New York Stock Exchange Inc.','Utilities',54.38,'USD',NULL),(206,'AMP','AMERIPRISE FINANCE INC','New York Stock Exchange Inc.','Financials',538.41,'USD',NULL),(207,'ROST','ROSS STORES INC','NASDAQ','Consumer Discretionary',131.53,'USD',NULL),(208,'KVUE','KENVUE INC','New York Stock Exchange Inc.','Consumer Staples',20.68,'USD',NULL),(209,'TGT','TARGET CORP','New York Stock Exchange Inc.','Consumer Staples',101.48,'USD',NULL),(210,'GM','GENERAL MOTORS','New York Stock Exchange Inc.','Consumer Discretionary',52.40,'USD',NULL),(211,'AXON','AXON ENTERPRISE INC','NASDAQ','Industrials',782.56,'USD',NULL),(212,'GWW','WW GRAINGER INC','New York Stock Exchange Inc.','Industrials',1041.44,'USD',NULL),(213,'EW','EDWARDS LIFESCIENCES CORP','New York Stock Exchange Inc.','Health Care',76.46,'USD',NULL),(214,'MPC','MARATHON PETROLEUM CORP','New York Stock Exchange Inc.','Energy',178.34,'USD',NULL),(215,'VST','VISTRA CORP','New York Stock Exchange Inc.','Utilities',186.70,'USD',NULL),(216,'KMB','KIMBERLY CLARK CORP','New York Stock Exchange Inc.','Consumer Staples',131.81,'USD',NULL),(217,'MET','METLIFE INC','New York Stock Exchange Inc.','Financials',80.13,'USD',NULL),(218,'PSX','PHILLIPS','New York Stock Exchange Inc.','Energy',129.39,'USD',NULL),(219,'FIS','FIDELITY NATIONAL INFORMATION SERV','New York Stock Exchange Inc.','Financials',80.35,'USD',NULL),(220,'CTVA','CORTEVA INC','New York Stock Exchange Inc.','Materials',76.40,'USD',NULL),(221,'MNST','MONSTER BEVERAGE CORP','NASDAQ','Consumer Staples',61.99,'USD',NULL),(222,'PWR','QUANTA SERVICES INC','New York Stock Exchange Inc.','Industrials',374.53,'USD',NULL),(223,'YUM','YUM BRANDS INC','New York Stock Exchange Inc.','Consumer Discretionary',149.98,'USD',NULL),(224,'VRSK','VERISK ANALYTICS INC','NASDAQ','Industrials',305.60,'USD',NULL),(225,'LHX','L3HARRIS TECHNOLOGIES INC','New York Stock Exchange Inc.','Industrials',255.76,'USD',NULL),(226,'MSCI','MSCI INC','New York Stock Exchange Inc.','Financials',583.41,'USD',NULL),(227,'KDP','KEURIG DR PEPPER INC','NASDAQ','Consumer Staples',34.04,'USD',NULL),(228,'URI','UNITED RENTALS INC','New York Stock Exchange Inc.','Industrials',800.54,'USD',NULL),(229,'COIN','COINBASE GLOBAL INC CLASS A','NASDAQ','Financials',354.16,'USD',NULL),(230,'XEL','XCEL ENERGY INC','NASDAQ','Utilities',67.53,'USD',NULL),(231,'TTWO','TAKE TWO INTERACTIVE SOFTWARE INC','NASDAQ','Communication',240.61,'USD',NULL),(232,'CMI','CUMMINS INC','New York Stock Exchange Inc.','Industrials',331.66,'USD',NULL),(233,'NU','NU HOLDINGS LTD CLASS A','New York Stock Exchange Inc.','Financials',13.44,'USD',NULL),(234,'PEG','PUBLIC SERVICE ENTERPRISE GROUP IN','New York Stock Exchange Inc.','Utilities',81.37,'USD',NULL),(235,'AME','AMETEK INC','New York Stock Exchange Inc.','Industrials',181.79,'USD',NULL),(236,'F','FORD MOTOR CO','New York Stock Exchange Inc.','Consumer Discretionary',10.01,'USD',NULL),(237,'ED','CONSOLIDATED EDISON INC','New York Stock Exchange Inc.','Utilities',99.68,'USD',NULL),(238,'OTIS','OTIS WORLDWIDE CORP','New York Stock Exchange Inc.','Industrials',99.84,'USD',NULL),(239,'EA','ELECTRONIC ARTS INC','NASDAQ','Communication',153.40,'USD',NULL),(240,'CBRE','CBRE GROUP INC CLASS A','New York Stock Exchange Inc.','Real Estate',142.56,'USD',NULL),(241,'TRGP','TARGA RESOURCES CORP','New York Stock Exchange Inc.','Energy',172.92,'USD',NULL),(242,'TEAM','ATLASSIAN CORP CLASS A','NASDAQ','Information Technology',218.65,'USD',NULL),(243,'PRU','PRUDENTIAL FINANCIAL INC','New York Stock Exchange Inc.','Financials',107.86,'USD',NULL),(244,'NET','CLOUDFLARE INC CLASS A','New York Stock Exchange Inc.','Information Technology',189.82,'USD',NULL),(245,'VLO','VALERO ENERGY CORP','New York Stock Exchange Inc.','Energy',146.89,'USD',NULL),(246,'CTSH','COGNIZANT TECHNOLOGY SOLUTIONS COR','NASDAQ','Information Technology',81.20,'USD',NULL),(247,'CHTR','CHARTER COMMUNICATIONS INC CLASS A','NASDAQ','Communication',410.60,'USD',NULL),(248,'HES','HESS CORP','New York Stock Exchange Inc.','Energy',147.30,'USD',NULL),(249,'PCG','PG&E CORP','New York Stock Exchange Inc.','Utilities',13.69,'USD',NULL),(250,'DHI','D R HORTON INC','New York Stock Exchange Inc.','Consumer Discretionary',132.11,'USD',NULL),(251,'HIG','HARTFORD INSURANCE GROUP INC','New York Stock Exchange Inc.','Financials',122.99,'USD',NULL),(252,'ETR','ENTERGY CORP','New York Stock Exchange Inc.','Utilities',83.17,'USD',NULL),(253,'BKR','BAKER HUGHES CLASS A','NASDAQ','Energy',35.40,'USD',NULL),(254,'RBLX','ROBLOX CORP CLASS A','New York Stock Exchange Inc.','Communication',67.05,'USD',NULL),(255,'IDXX','IDEXX LABORATORIES INC','NASDAQ','Health Care',432.65,'USD',NULL),(256,'SYY','SYSCO CORP','New York Stock Exchange Inc.','Consumer Staples',71.40,'USD',NULL),(257,'VMC','VULCAN MATERIALS','New York Stock Exchange Inc.','Materials',262.33,'USD',NULL),(258,'WEC','WEC ENERGY GROUP INC','New York Stock Exchange Inc.','Utilities',109.52,'USD',NULL),(259,'RMD','RESMED INC','New York Stock Exchange Inc.','Health Care',236.59,'USD',NULL),(260,'VEEV','VEEVA SYSTEMS INC CLASS A','New York Stock Exchange Inc.','Health Care',233.69,'USD',NULL),(261,'CAH','CARDINAL HEALTH INC','New York Stock Exchange Inc.','Health Care',141.29,'USD',NULL),(262,'GLW','CORNING INC','New York Stock Exchange Inc.','Information Technology',44.38,'USD',NULL),(263,'ALNY','ALNYLAM PHARMACEUTICALS INC','NASDAQ','Health Care',263.24,'USD',NULL),(264,'FERG','FERGUSON ENTERPRISES INC','New York Stock Exchange Inc.','Industrials',169.66,'USD',NULL),(265,'VICI','VICI PPTYS INC','New York Stock Exchange Inc.','Real Estate',32.02,'USD',NULL),(266,'HOOD','ROBINHOOD MARKETS INC CLASS A','NASDAQ','Financials',49.11,'USD',NULL),(267,'EBAY','EBAY INC','NASDAQ','Consumer Discretionary',68.16,'USD',NULL),(268,'XYZ','BLOCK INC CLASS A','New York Stock Exchange Inc.','Financials',58.47,'USD',NULL),(269,'ACGL','ARCH CAPITAL GROUP LTD','NASDAQ','Financials',90.68,'USD',NULL),(270,'MLM','MARTIN MARIETTA MATERIALS INC','New York Stock Exchange Inc.','Materials',523.98,'USD',NULL),(271,'GEHC','GE HEALTHCARE TECHNOLOGIES INC','NASDAQ','Health Care',70.33,'USD',NULL),(272,'EFX','EQUIFAX INC','New York Stock Exchange Inc.','Industrials',260.13,'USD',NULL),(273,'IT','GARTNER INC','New York Stock Exchange Inc.','Information Technology',421.08,'USD',NULL),(274,'HUM','HUMANA INC','New York Stock Exchange Inc.','Health Care',262.24,'USD',NULL),(275,'WAB','WESTINGHOUSE AIR BRAKE TECHNOLOGIE','New York Stock Exchange Inc.','Industrials',184.74,'USD',NULL),(276,'LULU','LULULEMON ATHLETICA INC','NASDAQ','Consumer Discretionary',270.77,'USD',NULL),(277,'NDAQ','NASDAQ INC','NASDAQ','Financials',76.21,'USD',NULL),(278,'GIS','GENERAL MILLS INC','New York Stock Exchange Inc.','Consumer Staples',56.74,'USD',NULL),(279,'WTW','WILLIS TOWERS WATSON PLC','NASDAQ','Financials',307.80,'USD',NULL),(280,'DDOG','DATADOG INC CLASS A','NASDAQ','Information Technology',102.16,'USD',NULL),(281,'A','AGILENT TECHNOLOGIES INC','New York Stock Exchange Inc.','Health Care',107.60,'USD',NULL),(282,'CSGP','COSTAR GROUP INC','NASDAQ','Real Estate',74.17,'USD',NULL),(283,'EXR','EXTRA SPACE STORAGE REIT INC','New York Stock Exchange Inc.','Real Estate',146.52,'USD',NULL),(284,'VRT','VERTIV HOLDINGS CLASS A','New York Stock Exchange Inc.','Industrials',85.38,'USD',NULL),(285,'IR','INGERSOLL RAND INC','New York Stock Exchange Inc.','Industrials',75.43,'USD',NULL),(286,'HUBS','HUBSPOT INC','New York Stock Exchange Inc.','Information Technology',611.50,'USD',NULL),(287,'CNC','CENTENE CORP','New York Stock Exchange Inc.','Health Care',59.85,'USD',NULL),(288,'USD','USD CASH','--','Cash and/or Derivatives',100.00,'USD',NULL),(289,'AVB','AVALONBAY COMMUNITIES REIT INC','New York Stock Exchange Inc.','Real Estate',209.98,'USD',NULL),(290,'ODFL','OLD DOMINION FREIGHT LINE INC','NASDAQ','Industrials',153.28,'USD',NULL),(291,'STZ','CONSTELLATION BRANDS INC CLASS A','New York Stock Exchange Inc.','Consumer Staples',187.54,'USD',NULL),(292,'VTR','VENTAS REIT INC','New York Stock Exchange Inc.','Real Estate',70.08,'USD',NULL),(293,'XYL','XYLEM INC','New York Stock Exchange Inc.','Industrials',120.57,'USD',NULL),(294,'EQT','EQT CORP','New York Stock Exchange Inc.','Energy',49.44,'USD',NULL),(295,'GRMN','GARMIN LTD','New York Stock Exchange Inc.','Consumer Discretionary',186.87,'USD',NULL),(296,'AWK','AMERICAN WATER WORKS INC','New York Stock Exchange Inc.','Utilities',147.01,'USD',NULL),(297,'DTE','DTE ENERGY','New York Stock Exchange Inc.','Utilities',137.00,'USD',NULL),(298,'ARES','ARES MANAGEMENT CORP CLASS A','New York Stock Exchange Inc.','Financials',152.53,'USD',NULL),(299,'BR','BROADRIDGE FINANCIAL SOLUTIONS INC','New York Stock Exchange Inc.','Industrials',242.40,'USD',NULL),(300,'MTB','M&T BANK CORP','New York Stock Exchange Inc.','Financials',169.76,'USD',NULL),(301,'ANSS','ANSYS INC','NASDAQ','Information Technology',321.88,'USD',NULL),(302,'ROK','ROCKWELL AUTOMATION INC','New York Stock Exchange Inc.','Industrials',247.68,'USD',NULL),(303,'NUE','NUCOR CORP','New York Stock Exchange Inc.','Materials',119.37,'USD',NULL),(304,'IQV','IQVIA HOLDINGS INC','New York Stock Exchange Inc.','Health Care',155.07,'USD',NULL),(305,'DXCM','DEXCOM INC','NASDAQ','Health Care',71.38,'USD',NULL),(306,'MPWR','MONOLITHIC POWER SYSTEMS INC','NASDAQ','Information Technology',593.10,'USD',NULL),(307,'RJF','RAYMOND JAMES INC','New York Stock Exchange Inc.','Financials',137.04,'USD',NULL),(308,'DD','DUPONT DE NEMOURS INC','New York Stock Exchange Inc.','Materials',65.99,'USD',NULL),(309,'CPNG','COUPANG INC CLASS A','New York Stock Exchange Inc.','Consumer Discretionary',23.37,'USD',NULL),(310,'PPL','PPL CORP','New York Stock Exchange Inc.','Utilities',36.50,'USD',NULL),(311,'DAL','DELTA AIR LINES INC','New York Stock Exchange Inc.','Industrials',41.63,'USD',NULL),(312,'TSCO','TRACTOR SUPPLY','NASDAQ','Consumer Discretionary',50.62,'USD',NULL),(313,'OXY','OCCIDENTAL PETROLEUM CORP','New York Stock Exchange Inc.','Energy',39.41,'USD',NULL),(314,'BRO','BROWN & BROWN INC','New York Stock Exchange Inc.','Financials',110.60,'USD',NULL),(315,'EQR','EQUITY RESIDENTIAL REIT','New York Stock Exchange Inc.','Real Estate',70.26,'USD',NULL),(316,'CVNA','CARVANA CLASS A','New York Stock Exchange Inc.','Consumer Discretionary',244.35,'USD',NULL),(317,'GDDY','GODADDY INC CLASS A','New York Stock Exchange Inc.','Information Technology',188.33,'USD',NULL),(318,'AEE','AMEREN CORP','New York Stock Exchange Inc.','Utilities',99.24,'USD',NULL),(319,'SBAC','SBA COMMUNICATIONS REIT CORP CLASS','NASDAQ','Real Estate',243.40,'USD',NULL),(320,'IRM','IRON MOUNTAIN INC','New York Stock Exchange Inc.','Real Estate',89.67,'USD',NULL),(321,'STT','STATE STREET CORP','New York Stock Exchange Inc.','Financials',88.10,'USD',NULL),(322,'KHC','KRAFT HEINZ','NASDAQ','Consumer Staples',29.10,'USD',NULL),(323,'KEYS','KEYSIGHT TECHNOLOGIES INC','New York Stock Exchange Inc.','Information Technology',145.40,'USD',NULL),(324,'DELL','DELL TECHNOLOGIES INC CLASS C','New York Stock Exchange Inc.','Information Technology',91.76,'USD',NULL),(325,'LPLA','LPL FINANCIAL HOLDINGS INC','NASDAQ','Financials',319.79,'USD',NULL),(326,'CNP','CENTERPOINT ENERGY INC','New York Stock Exchange Inc.','Utilities',38.78,'USD',NULL),(327,'PPG','PPG INDUSTRIES INC','New York Stock Exchange Inc.','Materials',108.86,'USD',NULL),(328,'FANG','DIAMONDBACK ENERGY INC','NASDAQ','Energy',132.01,'USD',NULL),(329,'LEN','LENNAR A CORP CLASS A','New York Stock Exchange Inc.','Consumer Discretionary',108.61,'USD',NULL),(330,'ATO','ATMOS ENERGY CORP','New York Stock Exchange Inc.','Utilities',160.63,'USD',NULL),(331,'FE','FIRSTENERGY CORP','New York Stock Exchange Inc.','Utilities',42.88,'USD',NULL),(332,'MCHP','MICROCHIP TECHNOLOGY INC','NASDAQ','Information Technology',46.08,'USD',NULL),(333,'HSY','HERSHEY FOODS','New York Stock Exchange Inc.','Consumer Staples',167.19,'USD',NULL),(334,'TPL','TEXAS PACIFIC LAND CORP','New York Stock Exchange Inc.','Energy',1288.87,'USD',NULL),(335,'CHD','CHURCH AND DWIGHT INC','New York Stock Exchange Inc.','Consumer Staples',99.34,'USD',NULL),(336,'FITB','FIFTH THIRD BANCORP','NASDAQ','Financials',35.94,'USD',NULL),(337,'FTV','FORTIVE CORP','New York Stock Exchange Inc.','Industrials',69.69,'USD',NULL),(338,'EXE','EXPAND ENERGY CORP','NASDAQ','Energy',103.90,'USD',NULL),(339,'TTD','TRADE DESK INC CLASS A','NASDAQ','Communication',53.63,'USD',NULL),(340,'IP','INTERNATIONAL PAPER','New York Stock Exchange Inc.','Materials',45.68,'USD',NULL),(341,'HPQ','HP INC','New York Stock Exchange Inc.','Information Technology',25.57,'USD',NULL),(342,'VLTO','VERALTO CORP','New York Stock Exchange Inc.','Industrials',95.90,'USD',NULL),(343,'DRI','DARDEN RESTAURANTS INC','New York Stock Exchange Inc.','Consumer Discretionary',200.64,'USD',NULL),(344,'CBOE','CBOE GLOBAL MARKETS INC','Cboe BZX','Financials',221.80,'USD',NULL),(345,'VRSN','VERISIGN INC','NASDAQ','Information Technology',282.12,'USD',NULL),(346,'DOV','DOVER CORP','New York Stock Exchange Inc.','Industrials',170.65,'USD',NULL),(347,'TYL','TYLER TECHNOLOGIES INC','New York Stock Exchange Inc.','Information Technology',543.30,'USD',NULL),(348,'MKL','MARKEL GROUP INC','New York Stock Exchange Inc.','Financials',1818.60,'USD',NULL),(349,'ADM','ARCHER DANIELS MIDLAND','New York Stock Exchange Inc.','Consumer Staples',47.75,'USD',NULL),(350,'UAL','UNITED AIRLINES HOLDINGS INC','NASDAQ','Industrials',68.82,'USD',NULL),(351,'STE','STERIS','New York Stock Exchange Inc.','Health Care',224.74,'USD',NULL),(352,'MTD','METTLER TOLEDO INC','New York Stock Exchange Inc.','Health Care',1070.57,'USD',NULL),(353,'CPAY','CORPAY INC','New York Stock Exchange Inc.','Financials',325.37,'USD',NULL),(354,'NRG','NRG ENERGY INC','New York Stock Exchange Inc.','Utilities',109.58,'USD',NULL),(355,'CMS','CMS ENERGY CORP','New York Stock Exchange Inc.','Utilities',73.65,'USD',NULL),(356,'ES','EVERSOURCE ENERGY','New York Stock Exchange Inc.','Utilities',59.48,'USD',NULL),(357,'SW','SMURFIT WESTROCK PLC','New York Stock Exchange Inc.','Materials',42.02,'USD',NULL),(358,'K','KELLANOVA','New York Stock Exchange Inc.','Consumer Staples',82.77,'USD',NULL),(359,'TDY','TELEDYNE TECHNOLOGIES INC','New York Stock Exchange Inc.','Information Technology',466.03,'USD',NULL),(360,'CDW','CDW CORP','NASDAQ','Information Technology',160.56,'USD',NULL),(361,'DOW','DOW INC','New York Stock Exchange Inc.','Materials',30.59,'USD',NULL),(362,'CINF','CINCINNATI FINANCIAL CORP','NASDAQ','Financials',139.21,'USD',NULL),(363,'HPE','HEWLETT PACKARD ENTERPRISE','New York Stock Exchange Inc.','Information Technology',16.22,'USD',NULL),(364,'WRB','WR BERKLEY CORP','New York Stock Exchange Inc.','Financials',71.69,'USD',NULL),(365,'ZS','ZSCALER INC','NASDAQ','Information Technology',226.17,'USD',NULL),(366,'HBAN','HUNTINGTON BANCSHARES INC','NASDAQ','Financials',14.53,'USD',NULL),(367,'AMCR','AMCOR PLC','New York Stock Exchange Inc.','Materials',9.20,'USD',NULL),(368,'LYV','LIVE NATION ENTERTAINMENT INC','New York Stock Exchange Inc.','Communication',132.45,'USD',NULL),(369,'WBD','WARNER BROS. DISCOVERY INC SERIES','NASDAQ','Communication',8.67,'USD',NULL),(370,'PHM','PULTEGROUP INC','New York Stock Exchange Inc.','Consumer Discretionary',102.58,'USD',NULL),(371,'INVH','INVITATION HOMES INC','New York Stock Exchange Inc.','Real Estate',34.19,'USD',NULL),(372,'DG','DOLLAR GENERAL CORP','New York Stock Exchange Inc.','Consumer Staples',93.69,'USD',NULL),(373,'WAT','WATERS CORP','New York Stock Exchange Inc.','Health Care',347.73,'USD',NULL),(374,'ZM','ZOOM COMMUNICATIONS INC CLASS A','NASDAQ','Information Technology',77.54,'USD',NULL),(375,'ZBH','ZIMMER BIOMET HOLDINGS INC','New York Stock Exchange Inc.','Health Care',103.05,'USD',NULL),(376,'EIX','EDISON INTERNATIONAL','New York Stock Exchange Inc.','Utilities',53.51,'USD',NULL),(377,'FCNCA','FIRST CITIZENS BANCSHARES INC CLAS','NASDAQ','Financials',1779.14,'USD',NULL),(378,'LH','LABCORP HOLDINGS INC','New York Stock Exchange Inc.','Health Care',241.01,'USD',NULL),(379,'NVR','NVR INC','New York Stock Exchange Inc.','Consumer Discretionary',7125.75,'USD',NULL),(380,'SYF','SYNCHRONY FINANCIAL','New York Stock Exchange Inc.','Financials',51.95,'USD',NULL),(381,'IFF','INTERNATIONAL FLAVORS & FRAGRANCES','New York Stock Exchange Inc.','Materials',78.46,'USD',NULL),(382,'LDOS','LEIDOS HOLDINGS INC','New York Stock Exchange Inc.','Industrials',147.18,'USD',NULL),(383,'DGX','QUEST DIAGNOSTICS INC','New York Stock Exchange Inc.','Health Care',178.22,'USD',NULL),(384,'GPN','GLOBAL PAYMENTS INC','New York Stock Exchange Inc.','Financials',76.31,'USD',NULL),(385,'HUBB','HUBBELL INC','New York Stock Exchange Inc.','Industrials',363.18,'USD',NULL),(386,'MKC','MCCORMICK & CO NON-VOTING INC','New York Stock Exchange Inc.','Consumer Staples',76.66,'USD',NULL),(387,'EXPE','EXPEDIA GROUP INC','NASDAQ','Consumer Discretionary',156.93,'USD',NULL),(388,'TROW','T ROWE PRICE GROUP INC','NASDAQ','Financials',88.55,'USD',NULL),(389,'CCL','CARNIVAL CORP','New York Stock Exchange Inc.','Consumer Discretionary',18.34,'USD',NULL),(390,'DVN','DEVON ENERGY CORP','New York Stock Exchange Inc.','Energy',30.41,'USD',NULL),(391,'WSM','WILLIAMS SONOMA INC','New York Stock Exchange Inc.','Consumer Discretionary',154.47,'USD',NULL),(392,'WY','WEYERHAEUSER REIT','New York Stock Exchange Inc.','Real Estate',25.91,'USD',NULL),(393,'RF','REGIONS FINANCIAL CORP','New York Stock Exchange Inc.','Financials',20.41,'USD',NULL),(394,'MAA','MID AMERICA APARTMENT COMMUNITIES','New York Stock Exchange Inc.','Real Estate',159.65,'USD',NULL),(395,'FWONK','LIBERTY MEDIA FORMULA ONE CORP SER','NASDAQ','Communication',88.67,'USD',NULL),(396,'MOH','MOLINA HEALTHCARE INC','New York Stock Exchange Inc.','Health Care',327.01,'USD',NULL),(397,'RBA','RB GLOBAL INC','New York Stock Exchange Inc.','Industrials',100.70,'USD',NULL),(398,'ULTA','ULTA BEAUTY INC','NASDAQ','Consumer Discretionary',395.64,'USD',NULL),(399,'STLD','STEEL DYNAMICS INC','NASDAQ','Materials',129.71,'USD',NULL),(400,'PTC','PTC INC','NASDAQ','Information Technology',154.97,'USD',NULL),(401,'OKTA','OKTA INC CLASS A','NASDAQ','Information Technology',112.16,'USD',NULL),(402,'NI','NISOURCE INC','New York Stock Exchange Inc.','Utilities',39.11,'USD',NULL),(403,'EME','EMCOR GROUP INC','New York Stock Exchange Inc.','Industrials',400.70,'USD',NULL),(404,'NTRS','NORTHERN TRUST CORP','NASDAQ','Financials',93.98,'USD',NULL),(405,'NTAP','NETAPP INC','NASDAQ','Information Technology',89.75,'USD',NULL),(406,'IBKR','INTERACTIVE BROKERS GROUP INC CLAS','NASDAQ','Financials',171.85,'USD',NULL),(407,'CTRA','COTERRA ENERGY INC','New York Stock Exchange Inc.','Energy',24.56,'USD',NULL),(408,'ESS','ESSEX PROPERTY TRUST REIT INC','New York Stock Exchange Inc.','Real Estate',279.15,'USD',NULL),(409,'BIIB','BIOGEN INC','NASDAQ','Health Care',121.08,'USD',NULL),(410,'PODD','INSULET CORP','NASDAQ','Health Care',252.29,'USD',NULL),(411,'CLX','CLOROX','New York Stock Exchange Inc.','Consumer Staples',142.30,'USD',NULL),(412,'HAL','HALLIBURTON','New York Stock Exchange Inc.','Energy',19.82,'USD',NULL),(413,'TSN','TYSON FOODS INC CLASS A','New York Stock Exchange Inc.','Consumer Staples',61.24,'USD',NULL),(414,'NTRA','NATERA INC','NASDAQ','Health Care',150.93,'USD',NULL),(415,'LII','LENNOX INTERNATIONAL INC','New York Stock Exchange Inc.','Industrials',546.75,'USD',NULL),(416,'NTNX','NUTANIX INC CLASS A','NASDAQ','Information Technology',68.70,'USD',NULL),(417,'CSL','CARLISLE COMPANIES INC','New York Stock Exchange Inc.','Industrials',379.48,'USD',NULL),(418,'CASY','CASEYS GENERAL STORES INC','NASDAQ','Consumer Staples',462.59,'USD',NULL),(419,'DPZ','DOMINOS PIZZA INC','NASDAQ','Consumer Discretionary',490.37,'USD',NULL),(420,'ON','ON SEMICONDUCTOR CORP','NASDAQ','Information Technology',39.70,'USD',NULL),(421,'PFG','PRINCIPAL FINANCIAL GROUP INC','NASDAQ','Financials',74.15,'USD',NULL),(422,'GWRE','GUIDEWIRE SOFTWARE INC','New York Stock Exchange Inc.','Information Technology',204.77,'USD',NULL),(423,'DECK','DECKERS OUTDOOR CORP','New York Stock Exchange Inc.','Consumer Discretionary',110.83,'USD',NULL),(424,'LUV','SOUTHWEST AIRLINES','New York Stock Exchange Inc.','Industrials',27.96,'USD',NULL),(425,'FNF','FIDELITY NATIONAL FINANCIAL INC','New York Stock Exchange Inc.','Financials',64.05,'USD',NULL),(426,'TPR','TAPESTRY INC','New York Stock Exchange Inc.','Consumer Discretionary',70.65,'USD',NULL),(427,'TOST','TOAST INC CLASS A','New York Stock Exchange Inc.','Financials',35.58,'USD',NULL),(428,'GPC','GENUINE PARTS','New York Stock Exchange Inc.','Consumer Discretionary',117.55,'USD',NULL),(429,'DLTR','DOLLAR TREE INC','NASDAQ','Consumer Staples',81.77,'USD',NULL),(430,'FDS','FACTSET RESEARCH SYSTEMS INC','New York Stock Exchange Inc.','Financials',432.22,'USD',NULL),(431,'DOCU','DOCUSIGN INC','NASDAQ','Information Technology',81.75,'USD',NULL),(432,'PKG','PACKAGING CORP OF AMERICA','New York Stock Exchange Inc.','Materials',185.61,'USD',NULL),(433,'SSNC','SS AND C TECHNOLOGIES HOLDINGS INC','NASDAQ','Industrials',75.60,'USD',NULL),(434,'SNA','SNAP ON INC','New York Stock Exchange Inc.','Industrials',313.81,'USD',NULL),(435,'HEIA','HEICO CORP CLASS A','New York Stock Exchange Inc.','Industrials',200.93,'USD',NULL),(436,'CFG','CITIZENS FINANCIAL GROUP INC','New York Stock Exchange Inc.','Financials',46.97,'USD',NULL),(437,'TW','TRADEWEB MARKETS INC CLASS A','NASDAQ','Financials',138.30,'USD',NULL),(438,'TRU','TRANSUNION','New York Stock Exchange Inc.','Industrials',82.96,'USD',NULL),(439,'ROL','ROLLINS INC','New York Stock Exchange Inc.','Industrials',57.13,'USD',NULL),(440,'WSO','WATSCO INC','New York Stock Exchange Inc.','Industrials',459.84,'USD',NULL),(441,'BAX','BAXTER INTERNATIONAL INC','New York Stock Exchange Inc.','Health Care',31.17,'USD',NULL),(442,'COO','COOPER INC','NASDAQ','Health Care',81.67,'USD',NULL),(443,'SMCI','SUPER MICRO COMPUTER INC','NASDAQ','Information Technology',52.95,'USD',NULL),(444,'SUI','SUN COMMUNITIES REIT INC','New York Stock Exchange Inc.','Real Estate',124.43,'USD',NULL),(445,'LNT','ALLIANT ENERGY CORP','NASDAQ','Utilities',61.04,'USD',NULL),(446,'JBL','JABIL INC','New York Stock Exchange Inc.','Information Technology',146.56,'USD',NULL),(447,'BJ','BJS WHOLESALE CLUB HOLDINGS INC','New York Stock Exchange Inc.','Consumer Staples',117.56,'USD',NULL),(448,'L','LOEWS CORP','New York Stock Exchange Inc.','Financials',86.83,'USD',NULL),(449,'RS','RELIANCE STEEL & ALUMINUM','New York Stock Exchange Inc.','Materials',288.23,'USD',NULL),(450,'EXPD','EXPEDITORS INTERNATIONAL OF WASHIN','New York Stock Exchange Inc.','Industrials',109.91,'USD',NULL),(451,'EVRG','EVERGY INC','NASDAQ','Utilities',69.10,'USD',NULL),(452,'BAH','BOOZ ALLEN HAMILTON HOLDING CORP C','New York Stock Exchange Inc.','Industrials',120.02,'USD',NULL),(453,'BALL','BALL CORP','New York Stock Exchange Inc.','Materials',51.94,'USD',NULL),(454,'WST','WEST PHARMACEUTICAL SERVICES INC','New York Stock Exchange Inc.','Health Care',211.29,'USD',NULL),(455,'FFIV','F5 INC','NASDAQ','Information Technology',264.74,'USD',NULL),(456,'J','JACOBS SOLUTIONS INC','New York Stock Exchange Inc.','Industrials',123.80,'USD',NULL),(457,'WDC','WESTERN DIGITAL CORP','NASDAQ','Information Technology',43.86,'USD',NULL),(458,'EG','EVEREST GROUP LTD','New York Stock Exchange Inc.','Financials',358.83,'USD',NULL),(459,'LYB','LYONDELLBASELL INDUSTRIES NV CLASS','New York Stock Exchange Inc.','Materials',58.21,'USD',NULL),(460,'DKNG','DRAFTKINGS INC CLASS A','NASDAQ','Consumer Discretionary',33.29,'USD',NULL),(461,'PNR','PENTAIR','New York Stock Exchange Inc.','Industrials',90.73,'USD',NULL),(462,'TRMB','TRIMBLE INC','NASDAQ','Information Technology',62.14,'USD',NULL),(463,'PINS','PINTEREST INC CLASS A','New York Stock Exchange Inc.','Communication',25.32,'USD',NULL),(464,'TWLO','TWILIO INC CLASS A','New York Stock Exchange Inc.','Information Technology',96.71,'USD',NULL),(465,'EQH','EQUITABLE HOLDINGS INC','New York Stock Exchange Inc.','Financials',49.45,'USD',NULL),(466,'OMC','OMNICOM GROUP INC','New York Stock Exchange Inc.','Communication',76.16,'USD',NULL),(467,'DUOL','DUOLINGO INC CLASS A','NASDAQ','Consumer Discretionary',389.48,'USD',NULL),(468,'BBY','BEST BUY INC','New York Stock Exchange Inc.','Consumer Discretionary',66.69,'USD',NULL),(469,'USFD','US FOODS HOLDING CORP','New York Stock Exchange Inc.','Consumer Staples',65.66,'USD',NULL),(470,'BURL','BURLINGTON STORES INC','New York Stock Exchange Inc.','Consumer Discretionary',225.04,'USD',NULL),(471,'UNM','UNUM','New York Stock Exchange Inc.','Financials',77.66,'USD',NULL),(472,'GEN','GEN DIGITAL INC','NASDAQ','Information Technology',25.87,'USD',NULL),(473,'PSTG','PURE STORAGE INC CLASS A','New York Stock Exchange Inc.','Information Technology',45.36,'USD',NULL),(474,'FIX','COMFORT SYSTEMS USA INC','New York Stock Exchange Inc.','Industrials',397.55,'USD',NULL),(475,'DT','DYNATRACE INC','New York Stock Exchange Inc.','Information Technology',46.97,'USD',NULL),(476,'EL','ESTEE LAUDER INC CLASS A','New York Stock Exchange Inc.','Consumer Staples',59.96,'USD',NULL),(477,'GGG','GRACO INC','New York Stock Exchange Inc.','Industrials',81.61,'USD',NULL),(478,'UDR','UDR REIT INC','New York Stock Exchange Inc.','Real Estate',41.88,'USD',NULL),(479,'BLDR','BUILDERS FIRSTSOURCE INC','New York Stock Exchange Inc.','Industrials',119.63,'USD',NULL),(480,'KEY','KEYCORP','New York Stock Exchange Inc.','Financials',14.84,'USD',NULL),(481,'AVY','AVERY DENNISON CORP','New York Stock Exchange Inc.','Materials',171.11,'USD',NULL),(482,'WPC','W. P. CAREY REIT INC','New York Stock Exchange Inc.','Real Estate',62.44,'USD',NULL),(483,'CF','CF INDUSTRIES HOLDINGS INC','New York Stock Exchange Inc.','Materials',78.37,'USD',NULL),(484,'THC','TENET HEALTHCARE CORP','New York Stock Exchange Inc.','Health Care',142.95,'USD',NULL),(485,'RPM','RPM INTERNATIONAL INC','New York Stock Exchange Inc.','Materials',106.75,'USD',NULL),(486,'FSLR','FIRST SOLAR INC','NASDAQ','Information Technology',125.82,'USD',NULL),(487,'APTV','APTIV PLC','New York Stock Exchange Inc.','Consumer Discretionary',57.06,'USD',NULL),(488,'AFRM','AFFIRM HOLDINGS INC CLASS A','NASDAQ','Financials',49.76,'USD',NULL),(489,'IEX','IDEX CORP','New York Stock Exchange Inc.','Industrials',173.97,'USD',NULL),(490,'SOFI','SOFI TECHNOLOGIES INC','NASDAQ','Financials',12.51,'USD',NULL),(491,'UTHR','UNITED THERAPEUTICS CORP','NASDAQ','Health Care',303.09,'USD',NULL),(492,'KIM','KIMCO REALTY REIT CORP','New York Stock Exchange Inc.','Real Estate',19.98,'USD',NULL),(493,'TXT','TEXTRON INC','New York Stock Exchange Inc.','Industrials',70.37,'USD',NULL),(494,'ACM','AECOM','New York Stock Exchange Inc.','Industrials',98.65,'USD',NULL),(495,'CW','CURTISS WRIGHT CORP','New York Stock Exchange Inc.','Industrials',344.89,'USD',NULL),(496,'MAS','MASCO CORP','New York Stock Exchange Inc.','Industrials',60.61,'USD',NULL),(497,'REG','REGENCY CENTERS REIT CORP','NASDAQ','Real Estate',72.18,'USD',NULL),(498,'ALGN','ALIGN TECHNOLOGY INC','NASDAQ','Health Care',173.30,'USD',NULL),(499,'HOLX','HOLOGIC INC','NASDAQ','Health Care',58.20,'USD',NULL),(500,'LVS','LAS VEGAS SANDS CORP','New York Stock Exchange Inc.','Consumer Discretionary',36.67,'USD',NULL),(501,'TKO','TKO GROUP HOLDINGS INC CLASS A','New York Stock Exchange Inc.','Communication',162.91,'USD',NULL),(502,'RPRX','ROYALTY PHARMA PLC CLASS A','NASDAQ','Health Care',32.82,'USD',NULL),(503,'JKHY','JACK HENRY AND ASSOCIATES INC','NASDAQ','Financials',173.43,'USD',NULL),(504,'ZBRA','ZEBRA TECHNOLOGIES CORP CLASS A','NASDAQ','Information Technology',250.32,'USD',NULL),(505,'AMH','AMERICAN HOMES RENT REIT CLASS A','New York Stock Exchange Inc.','Real Estate',37.39,'USD',NULL),(506,'OC','OWENS CORNING','New York Stock Exchange Inc.','Industrials',145.41,'USD',NULL),(507,'PFGC','PERFORMANCE FOOD GROUP','New York Stock Exchange Inc.','Consumer Staples',80.66,'USD',NULL),(508,'ARE','ALEXANDRIA REAL ESTATE EQUITIES RE','New York Stock Exchange Inc.','Real Estate',72.66,'USD',NULL),(509,'MDB','MONGODB INC CLASS A','NASDAQ','Information Technology',172.17,'USD',NULL),(510,'ILMN','ILLUMINA INC','NASDAQ','Health Care',77.60,'USD',NULL),(511,'GLPI','GAMING AND LEISURE PROPERTIES REIT','NASDAQ','Real Estate',47.86,'USD',NULL),(512,'DOC','HEALTHPEAK PROPERTIES INC','New York Stock Exchange Inc.','Real Estate',17.84,'USD',NULL),(513,'ELS','EQUITY LIFESTYLE PROPERTIES REIT I','New York Stock Exchange Inc.','Real Estate',64.78,'USD',NULL),(514,'RNR','RENAISSANCERE HOLDING LTD','New York Stock Exchange Inc.','Financials',241.93,'USD',NULL),(515,'RGA','REINSURANCE GROUP OF AMERICA INC','New York Stock Exchange Inc.','Financials',187.31,'USD',NULL),(516,'ALLE','ALLEGION PLC','New York Stock Exchange Inc.','Industrials',139.20,'USD',NULL),(517,'AKAM','AKAMAI TECHNOLOGIES INC','NASDAQ','Information Technology',80.58,'USD',NULL),(518,'XPO','XPO INC','New York Stock Exchange Inc.','Industrials',106.12,'USD',NULL),(519,'FTI','TECHNIPFMC PLC','New York Stock Exchange Inc.','Energy',28.17,'USD',NULL),(520,'EWBC','EAST WEST BANCORP INC','NASDAQ','Financials',85.55,'USD',NULL),(521,'BMRN','BIOMARIN PHARMACEUTICAL INC','NASDAQ','Health Care',63.69,'USD',NULL),(522,'RGLD','ROYAL GOLD INC','NASDAQ','Materials',182.71,'USD',NULL),(523,'SJM','JM SMUCKER','New York Stock Exchange Inc.','Consumer Staples',103.27,'USD',NULL),(524,'CPT','CAMDEN PROPERTY TRUST REIT','New York Stock Exchange Inc.','Real Estate',113.80,'USD',NULL),(525,'ENTG','ENTEGRIS INC','NASDAQ','Information Technology',79.12,'USD',NULL),(526,'CAG','CONAGRA BRANDS INC','New York Stock Exchange Inc.','Consumer Staples',24.71,'USD',NULL),(527,'JNPR','JUNIPER NETWORKS INC','New York Stock Exchange Inc.','Information Technology',36.32,'USD',NULL),(528,'PAYC','PAYCOM SOFTWARE INC','New York Stock Exchange Inc.','Industrials',226.39,'USD',NULL),(529,'TER','TERADYNE INC','NASDAQ','Information Technology',74.21,'USD',NULL),(530,'RIVN','RIVIAN AUTOMOTIVE INC CLASS A','NASDAQ','Consumer Discretionary',13.66,'USD',NULL),(531,'EHC','ENCOMPASS HEALTH CORP','New York Stock Exchange Inc.','Health Care',116.99,'USD',NULL),(532,'ITT','ITT INC','New York Stock Exchange Inc.','Industrials',137.02,'USD',NULL),(533,'RVTY','REVVITY INC','New York Stock Exchange Inc.','Health Care',93.43,'USD',NULL),(534,'CCK','CROWN HOLDINGS INC','New York Stock Exchange Inc.','Materials',96.33,'USD',NULL),(535,'EXEL','EXELIXIS INC','NASDAQ','Health Care',39.15,'USD',NULL),(536,'SCI','SERVICE','New York Stock Exchange Inc.','Consumer Discretionary',79.90,'USD',NULL),(537,'HEI','HEICO CORP','New York Stock Exchange Inc.','Industrials',250.76,'USD',NULL),(538,'TXRH','TEXAS ROADHOUSE INC','NASDAQ','Consumer Discretionary',165.96,'USD',NULL),(539,'FOXA','FOX CORP CLASS A','NASDAQ','Communication',49.79,'USD',NULL),(540,'CLH','CLEAN HARBORS INC','New York Stock Exchange Inc.','Industrials',213.94,'USD',NULL),(541,'NLY','ANNALY CAPITAL MANAGEMENT REIT INC','New York Stock Exchange Inc.','Financials',19.60,'USD',NULL),(542,'PEN','PENUMBRA INC','New York Stock Exchange Inc.','Health Care',292.84,'USD',NULL),(543,'GME','GAMESTOP CORP CLASS A','New York Stock Exchange Inc.','Consumer Discretionary',27.86,'USD',NULL),(544,'WWD','WOODWARD INC','NASDAQ','Industrials',187.57,'USD',NULL),(545,'POOL','POOL CORP','NASDAQ','Consumer Discretionary',293.14,'USD',NULL),(546,'JLL','JONES LANG LASALLE INC','New York Stock Exchange Inc.','Real Estate',227.41,'USD',NULL),(547,'MANH','MANHATTAN ASSOCIATES INC','NASDAQ','Information Technology',177.39,'USD',NULL),(548,'NDSN','NORDSON CORP','NASDAQ','Industrials',189.57,'USD',NULL),(549,'PNW','PINNACLE WEST CORP','New York Stock Exchange Inc.','Utilities',95.18,'USD',NULL),(550,'NBIX','NEUROCRINE BIOSCIENCES INC','NASDAQ','Health Care',107.69,'USD',NULL),(551,'JBHT','JB HUNT TRANSPORT SERVICES INC','NASDAQ','Industrials',130.58,'USD',NULL),(552,'DKS','DICKS SPORTING INC','New York Stock Exchange Inc.','Consumer Discretionary',187.74,'USD',NULL),(553,'OHI','OMEGA HEALTHCARE INVESTORS REIT IN','New York Stock Exchange Inc.','Real Estate',39.05,'USD',NULL),(554,'BG','BUNGE GLOBAL SA','New York Stock Exchange Inc.','Consumer Staples',78.72,'USD',NULL),(555,'SGI','SOMNIGROUP INTERNATIONAL INC','New York Stock Exchange Inc.','Consumer Discretionary',61.06,'USD',NULL),(556,'Z','ZILLOW GROUP INC CLASS C','NASDAQ','Real Estate',67.33,'USD',NULL),(557,'WTRG','ESSENTIAL UTILITIES INC','New York Stock Exchange Inc.','Utilities',41.13,'USD',NULL),(558,'NWSA','NEWS CORP CLASS A','NASDAQ','Communication',27.12,'USD',NULL),(559,'SWKS','SKYWORKS SOLUTIONS INC','NASDAQ','Information Technology',64.28,'USD',NULL),(560,'CHRW','CH ROBINSON WORLDWIDE INC','NASDAQ','Industrials',89.22,'USD',NULL),(561,'UHS','UNIVERSAL HEALTH SERVICES INC CLAS','New York Stock Exchange Inc.','Health Care',177.07,'USD',NULL),(562,'GL','GLOBE LIFE INC','New York Stock Exchange Inc.','Financials',123.34,'USD',NULL),(563,'CNM','CORE & MAIN INC CLASS A','New York Stock Exchange Inc.','Industrials',52.68,'USD',NULL),(564,'VTRS','VIATRIS INC','NASDAQ','Health Care',8.42,'USD',NULL),(565,'CNH','CNH INDUSTRIAL N.V. NV','New York Stock Exchange Inc.','Industrials',11.57,'USD',NULL),(566,'CACI','CACI INTERNATIONAL INC CLASS A','New York Stock Exchange Inc.','Industrials',457.87,'USD',NULL),(567,'LAMR','LAMAR ADVERTISING COMPANY CLAS','NASDAQ','Real Estate',113.81,'USD',NULL),(568,'AR','ANTERO RESOURCES CORP','New York Stock Exchange Inc.','Energy',34.83,'USD',NULL),(569,'BRBR','BELLRING BRANDS INC','New York Stock Exchange Inc.','Consumer Staples',77.14,'USD',NULL),(570,'LKQ','LKQ CORP','NASDAQ','Consumer Discretionary',38.21,'USD',NULL),(571,'INCY','INCYTE CORP','NASDAQ','Health Care',62.66,'USD',NULL),(572,'ATR','APTARGROUP INC','New York Stock Exchange Inc.','Materials',149.95,'USD',NULL),(573,'LBRDK','LIBERTY BROADBAND CORP SERIES C','NASDAQ','Communication',90.39,'USD',NULL),(574,'TOL','TOLL BROTHERS INC','New York Stock Exchange Inc.','Consumer Discretionary',100.87,'USD',NULL),(575,'BXP','BXP INC','New York Stock Exchange Inc.','Real Estate',63.73,'USD',NULL),(576,'AIZ','ASSURANT INC','New York Stock Exchange Inc.','Financials',192.74,'USD',NULL),(577,'HST','HOST HOTELS & RESORTS REIT INC','NASDAQ','Real Estate',14.12,'USD',NULL),(578,'KMX','CARMAX INC','New York Stock Exchange Inc.','Consumer Discretionary',64.67,'USD',NULL),(579,'DOX','AMDOCS LTD','NASDAQ','Information Technology',88.58,'USD',NULL),(580,'BWXT','BWX TECHNOLOGIES INC','New York Stock Exchange Inc.','Industrials',109.12,'USD',NULL),(581,'LECO','LINCOLN ELECTRIC HOLDINGS INC','NASDAQ','Industrials',176.20,'USD',NULL),(582,'DTM','DT MIDSTREAM INC','New York Stock Exchange Inc.','Energy',97.20,'USD',NULL),(583,'TAP','MOLSON COORS BREWING CLASS B','New York Stock Exchange Inc.','Consumer Staples',57.53,'USD',NULL),(584,'X','US STEEL CORP','New York Stock Exchange Inc.','Materials',43.71,'USD',NULL),(585,'MOS','MOSAIC','New York Stock Exchange Inc.','Materials',30.40,'USD',NULL),(586,'CIEN','CIENA CORP','New York Stock Exchange Inc.','Information Technology',67.16,'USD',NULL),(587,'OWL','BLUE OWL CAPITAL INC CLASS A','New York Stock Exchange Inc.','Financials',18.53,'USD',NULL),(588,'IPG','INTERPUBLIC GROUP OF COMPANIES INC','New York Stock Exchange Inc.','Communication',25.12,'USD',NULL),(589,'KNSL','KINSALE CAPITAL GROUP INC','New York Stock Exchange Inc.','Financials',435.26,'USD',NULL),(590,'FHN','FIRST HORIZON CORP','New York Stock Exchange Inc.','Financials',18.08,'USD',NULL),(591,'MUSA','MURPHY USA INC','New York Stock Exchange Inc.','Consumer Discretionary',498.57,'USD',NULL),(592,'SWK','STANLEY BLACK & DECKER INC','New York Stock Exchange Inc.','Industrials',60.02,'USD',NULL),(593,'OGE','OGE ENERGY CORP','New York Stock Exchange Inc.','Utilities',45.38,'USD',NULL),(594,'RBC','RBC BEARINGS INC','New York Stock Exchange Inc.','Industrials',328.57,'USD',NULL),(595,'MRNA','MODERNA INC','NASDAQ','Health Care',28.54,'USD',NULL),(596,'QGEN','QIAGEN NV','New York Stock Exchange Inc.','Health Care',42.75,'USD',NULL),(597,'SOLV','SOLVENTUM CORP','New York Stock Exchange Inc.','Health Care',66.12,'USD',NULL),(598,'AFG','AMERICAN FINANCIAL GROUP INC','New York Stock Exchange Inc.','Financials',126.66,'USD',NULL),(599,'ACI','ALBERTSONS COMPANY INC CLASS A','New York Stock Exchange Inc.','Consumer Staples',21.98,'USD',NULL),(600,'CUBE','CUBESMART REIT','New York Stock Exchange Inc.','Real Estate',40.67,'USD',NULL),(601,'NVT','NVENT ELECTRIC PLC','New York Stock Exchange Inc.','Industrials',54.91,'USD',NULL),(602,'HII','HUNTINGTON INGALLS INDUSTRIES INC','New York Stock Exchange Inc.','Industrials',230.34,'USD',NULL),(603,'ALLY','ALLY FINANCIAL INC','New York Stock Exchange Inc.','Financials',32.66,'USD',NULL),(604,'BLD','TOPBUILD CORP','New York Stock Exchange Inc.','Consumer Discretionary',295.76,'USD',NULL),(605,'ORI','OLD REPUBLIC INTERNATIONAL CORP','New York Stock Exchange Inc.','Financials',37.60,'USD',NULL),(606,'RL','RALPH LAUREN CORP CLASS A','New York Stock Exchange Inc.','Consumer Discretionary',224.95,'USD',NULL),(607,'AVTR','AVANTOR INC','New York Stock Exchange Inc.','Health Care',12.99,'USD',NULL),(608,'EMN','EASTMAN CHEMICAL','New York Stock Exchange Inc.','Materials',77.00,'USD',NULL),(609,'HLI','HOULIHAN LOKEY INC CLASS A','New York Stock Exchange Inc.','Financials',162.08,'USD',NULL),(610,'G','GENPACT LTD','New York Stock Exchange Inc.','Industrials',50.26,'USD',NULL),(611,'FYBR','FRONTIER COMMUNICATIONS PARENT INC','NASDAQ','Communication',36.25,'USD',NULL),(612,'ARMK','ARAMARK','New York Stock Exchange Inc.','Consumer Discretionary',33.43,'USD',NULL),(613,'HRL','HORMEL FOODS CORP','New York Stock Exchange Inc.','Consumer Staples',29.90,'USD',NULL),(614,'DAY','DAYFORCE INC','New York Stock Exchange Inc.','Industrials',57.87,'USD',NULL),(615,'OVV','OVINTIV INC','New York Stock Exchange Inc.','Energy',33.58,'USD',NULL),(616,'EPAM','EPAM SYSTEMS INC','New York Stock Exchange Inc.','Information Technology',156.91,'USD',NULL),(617,'ROKU','ROKU INC CLASS A','NASDAQ','Communication',68.18,'USD',NULL),(618,'CHE','CHEMED CORP','New York Stock Exchange Inc.','Health Care',581.51,'USD',NULL),(619,'PRI','PRIMERICA INC','New York Stock Exchange Inc.','Financials',262.07,'USD',NULL),(620,'HAS','HASBRO INC','NASDAQ','Consumer Discretionary',61.90,'USD',NULL),(621,'APG','API GROUP CORP','New York Stock Exchange Inc.','Industrials',37.83,'USD',NULL),(622,'INGR','INGREDION INC','New York Stock Exchange Inc.','Consumer Staples',132.82,'USD',NULL),(623,'SF','STIFEL FINANCIAL CORP','New York Stock Exchange Inc.','Financials',85.69,'USD',NULL),(624,'CG','CARLYLE GROUP INC','NASDAQ','Financials',38.64,'USD',NULL),(625,'PCTY','PAYLOCITY HOLDING CORP','NASDAQ','Industrials',192.10,'USD',NULL),(626,'NYT','NEW YORK TIMES CLASS A','New York Stock Exchange Inc.','Communication',52.06,'USD',NULL),(627,'HRB','H&R BLOCK INC','New York Stock Exchange Inc.','Consumer Discretionary',60.37,'USD',NULL),(628,'COKE','COCA COLA CONSOLIDATED INC','NASDAQ','Consumer Staples',1355.81,'USD',NULL),(629,'EXAS','EXACT SCIENCES CORP','NASDAQ','Health Care',45.64,'USD',NULL),(630,'SNX','TD SYNNEX CORP','New York Stock Exchange Inc.','Information Technology',110.80,'USD',NULL),(631,'MKTX','MARKETAXESS HOLDINGS INC','NASDAQ','Financials',221.59,'USD',NULL),(632,'AOS','A O SMITH CORP','New York Stock Exchange Inc.','Industrials',67.86,'USD',NULL),(633,'TTEK','TETRA TECH INC','NASDAQ','Industrials',31.19,'USD',NULL),(634,'EGP','EASTGROUP PROPERTIES REIT INC','New York Stock Exchange Inc.','Real Estate',163.42,'USD',NULL),(635,'JEF','JEFFERIES FINANCIAL GROUP INC','New York Stock Exchange Inc.','Financials',46.73,'USD',NULL),(636,'WBS','WEBSTER FINANCIAL CORP','New York Stock Exchange Inc.','Financials',47.30,'USD',NULL),(637,'ALSN','ALLISON TRANSMISSION HOLDINGS INC','New York Stock Exchange Inc.','Industrials',92.24,'USD',NULL),(638,'COHR','COHERENT CORP','New York Stock Exchange Inc.','Information Technology',64.32,'USD',NULL),(639,'GMED','GLOBUS MEDICAL INC CLASS A','New York Stock Exchange Inc.','Health Care',71.77,'USD',NULL),(640,'HSIC','HENRY SCHEIN INC','NASDAQ','Health Care',64.97,'USD',NULL),(641,'FRT','FEDERAL REALTY INVESTMENT TRUST RE','New York Stock Exchange Inc.','Real Estate',94.02,'USD',NULL),(642,'WMS','ADVANCED DRAINAGE SYSTEMS INC','New York Stock Exchange Inc.','Industrials',113.49,'USD',NULL),(643,'TECH','BIO TECHNE CORP','NASDAQ','Health Care',50.35,'USD',NULL),(644,'SEIC','SEI INVESTMENTS','NASDAQ','Financials',78.29,'USD',NULL),(645,'RRC','RANGE RESOURCES CORP','New York Stock Exchange Inc.','Energy',33.93,'USD',NULL),(646,'DCI','DONALDSON INC','New York Stock Exchange Inc.','Industrials',65.73,'USD',NULL),(647,'WYNN','WYNN RESORTS LTD','NASDAQ','Consumer Discretionary',80.31,'USD',NULL),(648,'ADC','AGREE REALTY REIT CORP','New York Stock Exchange Inc.','Real Estate',77.61,'USD',NULL),(649,'PLNT','PLANET FITNESS INC CLASS A','New York Stock Exchange Inc.','Consumer Discretionary',94.59,'USD',NULL),(650,'SCCO','SOUTHERN COPPER CORP','New York Stock Exchange Inc.','Materials',89.52,'USD',NULL),(651,'MTZ','MASTEC INC','New York Stock Exchange Inc.','Industrials',127.32,'USD',NULL),(652,'WBA','WALGREEN BOOTS ALLIANCE INC','NASDAQ','Consumer Staples',10.97,'USD',NULL),(653,'WING','WINGSTOP INC','NASDAQ','Consumer Discretionary',263.89,'USD',NULL),(654,'LAD','LITHIA MOTORS INC CLASS A','New York Stock Exchange Inc.','Consumer Discretionary',292.76,'USD',NULL),(655,'MEDP','MEDPACE HOLDINGS INC','NASDAQ','Health Care',308.39,'USD',NULL),(656,'CR','CRANE','New York Stock Exchange Inc.','Industrials',160.98,'USD',NULL),(657,'RGEN','REPLIGEN CORP','NASDAQ','Health Care',137.99,'USD',NULL),(658,'PR','PERMIAN RESOURCES CORP CLASS A','New York Stock Exchange Inc.','Energy',11.80,'USD',NULL),(659,'LNW','LIGHT WONDER INC','NASDAQ','Consumer Discretionary',85.38,'USD',NULL),(660,'MORN','MORNINGSTAR INC','NASDAQ','Financials',284.72,'USD',NULL),(661,'MTCH','MATCH GROUP INC','NASDAQ','Communication',29.66,'USD',NULL),(662,'AGNC','AGNC INVESTMENT REIT CORP','NASDAQ','Financials',8.83,'USD',NULL),(663,'NNN','NNN REIT INC','New York Stock Exchange Inc.','Real Estate',41.11,'USD',NULL),(664,'CBSH','COMMERCE BANCSHARES INC','NASDAQ','Financials',60.74,'USD',NULL),(665,'FND','FLOOR DECOR HOLDINGS INC CLASS A','New York Stock Exchange Inc.','Consumer Discretionary',71.44,'USD',NULL),(666,'LW','LAMB WESTON HOLDINGS INC','New York Stock Exchange Inc.','Consumer Staples',52.81,'USD',NULL),(667,'ESTC','ELASTIC NV','New York Stock Exchange Inc.','Information Technology',86.20,'USD',NULL),(668,'GPK','GRAPHIC PACKAGING HOLDING','New York Stock Exchange Inc.','Materials',25.31,'USD',NULL),(669,'AYI','ACUITY INC','New York Stock Exchange Inc.','Industrials',243.61,'USD',NULL),(670,'EXP','EAGLE MATERIALS INC','New York Stock Exchange Inc.','Materials',226.39,'USD',NULL),(671,'PNFP','PINNACLE FINANCIAL PARTNERS INC','NASDAQ','Financials',100.24,'USD',NULL),(672,'WAL','WESTERN ALLIANCE','New York Stock Exchange Inc.','Financials',69.71,'USD',NULL),(673,'EVR','EVERCORE INC CLASS A','New York Stock Exchange Inc.','Financials',205.29,'USD',NULL),(674,'KD','KYNDRYL HOLDINGS INC','New York Stock Exchange Inc.','Information Technology',32.42,'USD',NULL),(675,'UBFUT','CASH COLLATERAL USD UBFUT','--','Cash and/or Derivatives',100.00,'USD',NULL),(676,'AXS','AXIS CAPITAL HOLDINGS LTD','New York Stock Exchange Inc.','Financials',96.32,'USD',NULL),(677,'BRX','BRIXMOR PROPERTY GROUP REIT INC','New York Stock Exchange Inc.','Real Estate',24.91,'USD',NULL),(678,'MGM','MGM RESORTS INTERNATIONAL','New York Stock Exchange Inc.','Consumer Discretionary',31.46,'USD',NULL),(679,'WTFC','WINTRUST FINANCIAL CORP','NASDAQ','Financials',111.17,'USD',NULL),(680,'REXR','REXFORD INDUSTRIAL REALTY REIT INC','New York Stock Exchange Inc.','Real Estate',33.10,'USD',NULL),(681,'UGI','UGI CORP','New York Stock Exchange Inc.','Utilities',32.79,'USD',NULL),(682,'AZEK','AZEK COMPANY INC CLASS A','New York Stock Exchange Inc.','Industrials',49.56,'USD',NULL),(683,'BFAM','BRIGHT HORIZONS FAMILY SOLUTIONS I','New York Stock Exchange Inc.','Consumer Discretionary',125.42,'USD',NULL),(684,'CPB','CAMPBELL SOUP','NASDAQ','Consumer Staples',36.46,'USD',NULL),(685,'AES','AES CORP','New York Stock Exchange Inc.','Utilities',10.00,'USD',NULL),(686,'ALAB','ASTERA LABS INC','NASDAQ','Information Technology',65.31,'USD',NULL),(687,'AXTA','AXALTA COATING SYSTEMS LTD','New York Stock Exchange Inc.','Materials',32.50,'USD',NULL),(688,'MIDD','MIDDLEBY CORP','NASDAQ','Industrials',133.35,'USD',NULL),(689,'CMA','COMERICA INC','New York Stock Exchange Inc.','Financials',53.75,'USD',NULL),(690,'RRX','REGAL REXNORD CORP','New York Stock Exchange Inc.','Industrials',105.84,'USD',NULL),(691,'DOCS','DOXIMITY INC CLASS A','New York Stock Exchange Inc.','Health Care',56.88,'USD',NULL),(692,'CAVA','CAVA GROUP INC','New York Stock Exchange Inc.','Consumer Discretionary',92.43,'USD',NULL),(693,'MASI','MASIMO CORP','NASDAQ','Health Care',160.96,'USD',NULL),(694,'JAZZ','JAZZ PHARMACEUTICALS PLC','NASDAQ','Health Care',116.96,'USD',NULL),(695,'KBR','KBR INC','New York Stock Exchange Inc.','Industrials',52.81,'USD',NULL),(696,'QRVO','QORVO INC','NASDAQ','Information Technology',71.67,'USD',NULL),(697,'NCLH','NORWEGIAN CRUISE LINE HOLDINGS LTD','New York Stock Exchange Inc.','Consumer Discretionary',16.03,'USD',NULL),(698,'ALB','ALBEMARLE CORP','New York Stock Exchange Inc.','Materials',58.55,'USD',NULL),(699,'CART','MAPLEBEAR INC','NASDAQ','Consumer Staples',39.89,'USD',NULL),(700,'NFG','NATIONAL FUEL GAS','New York Stock Exchange Inc.','Utilities',76.78,'USD',NULL),(701,'PARA','PARAMOUNT GLOBAL CLASS B','NASDAQ','Communication',11.74,'USD',NULL),(702,'CFR','CULLEN FROST BANKERS INC','New York Stock Exchange Inc.','Financials',116.47,'USD',NULL),(703,'ESAB','ESAB CORP','New York Stock Exchange Inc.','Industrials',120.12,'USD',NULL),(704,'WCC','WESCO INTERNATIONAL INC','New York Stock Exchange Inc.','Industrials',162.96,'USD',NULL),(705,'GNRC','GENERAC HOLDINGS INC','New York Stock Exchange Inc.','Industrials',114.38,'USD',NULL),(706,'TTC','TORO','New York Stock Exchange Inc.','Industrials',68.28,'USD',NULL),(707,'RYAN','RYAN SPECIALTY HOLDINGS INC CLASS','New York Stock Exchange Inc.','Financials',65.51,'USD',NULL),(708,'PCOR','PROCORE TECHNOLOGIES INC','New York Stock Exchange Inc.','Information Technology',64.09,'USD',NULL),(709,'ATI','ATI INC','New York Stock Exchange Inc.','Materials',54.38,'USD',NULL),(710,'LSCC','LATTICE SEMICONDUCTOR CORP','NASDAQ','Information Technology',48.93,'USD',NULL),(711,'DVA','DAVITA INC','New York Stock Exchange Inc.','Health Care',141.55,'USD',NULL),(712,'BPOP','POPULAR INC','NASDAQ','Financials',95.42,'USD',NULL),(713,'FBIN','FORTUNE BRANDS INNOVATIONS INC','New York Stock Exchange Inc.','Industrials',53.82,'USD',NULL),(714,'ZION','ZIONS BANCORPORATION','NASDAQ','Financials',44.97,'USD',NULL),(715,'BBWI','BATH AND BODY WORKS INC','New York Stock Exchange Inc.','Consumer Discretionary',30.51,'USD',NULL),(716,'AAL','AMERICAN AIRLINES GROUP INC','NASDAQ','Industrials',9.95,'USD',NULL),(717,'XP','XP CLASS A INC','NASDAQ','Financials',16.10,'USD',NULL),(718,'BROS','DUTCH BROS INC CLASS A','New York Stock Exchange Inc.','Consumer Discretionary',59.74,'USD',NULL),(719,'TFX','TELEFLEX INC','New York Stock Exchange Inc.','Health Care',137.05,'USD',NULL),(720,'SSD','SIMPSON MANUFACTURING INC','New York Stock Exchange Inc.','Industrials',153.69,'USD',NULL),(721,'U','UNITY SOFTWARE INC','New York Stock Exchange Inc.','Information Technology',21.07,'USD',NULL),(722,'MTSI','MACOM TECHNOLOGY SOLUTIONS INC','NASDAQ','Information Technology',103.75,'USD',NULL),(723,'WH','WYNDHAM HOTELS RESORTS INC','New York Stock Exchange Inc.','Consumer Discretionary',85.30,'USD',NULL),(724,'SAIA','SAIA INC','NASDAQ','Industrials',244.00,'USD',NULL),(725,'OLLI','OLLIES BARGAIN OUTLET HOLDINGS INC','NASDAQ','Consumer Discretionary',106.11,'USD',NULL),(726,'DBX','DROPBOX INC CLASS A','NASDAQ','Information Technology',28.55,'USD',NULL),(727,'TREX','TREX INC','New York Stock Exchange Inc.','Industrials',57.82,'USD',NULL),(728,'IDA','IDACORP INC','New York Stock Exchange Inc.','Utilities',118.09,'USD',NULL),(729,'CHDN','CHURCHILL DOWNS INC','NASDAQ','Consumer Discretionary',90.41,'USD',NULL),(730,'FR','FIRST INDUSTRIAL REALTY TRUST INC','New York Stock Exchange Inc.','Real Estate',47.58,'USD',NULL),(731,'VNO','VORNADO REALTY TRUST REIT','New York Stock Exchange Inc.','Real Estate',35.28,'USD',NULL),(732,'MTG','MGIC INVESTMENT CORP','New York Stock Exchange Inc.','Financials',24.91,'USD',NULL),(733,'RLI','RLI CORP','New York Stock Exchange Inc.','Financials',74.01,'USD',NULL),(734,'SKX','SKECHERS USA INC CLASS A','New York Stock Exchange Inc.','Consumer Discretionary',48.02,'USD',NULL),(735,'AAON','AAON INC','NASDAQ','Industrials',91.27,'USD',NULL),(736,'AWI','ARMSTRONG WORLD INDUSTRIES INC','New York Stock Exchange Inc.','Industrials',145.02,'USD',NULL),(737,'FAF','FIRST AMERICAN FINANCIAL CORP','New York Stock Exchange Inc.','Financials',60.81,'USD',NULL),(738,'PB','PROSPERITY BANCSHARES INC','New York Stock Exchange Inc.','Financials',67.90,'USD',NULL),(739,'BWA','BORGWARNER INC','New York Stock Exchange Inc.','Consumer Discretionary',28.38,'USD',NULL),(740,'SNV','SYNOVUS FINANCIAL CORP','New York Stock Exchange Inc.','Financials',43.32,'USD',NULL),(741,'CELH','CELSIUS HOLDINGS INC','NASDAQ','Consumer Staples',34.96,'USD',NULL),(742,'STWD','STARWOOD PROPERTY TRUST REIT INC','New York Stock Exchange Inc.','Financials',19.19,'USD',NULL),(743,'FOX','FOX CORP CLASS B','NASDAQ','Communication',46.24,'USD',NULL),(744,'STAG','STAG INDUSTRIAL REIT INC','New York Stock Exchange Inc.','Real Estate',33.03,'USD',NULL),(745,'AA','ALCOA CORP','New York Stock Exchange Inc.','Materials',24.53,'USD',NULL),(746,'SLM','SLM CORP','NASDAQ','Financials',28.91,'USD',NULL),(747,'CRL','CHARLES RIVER LABORATORIES INTERNA','New York Stock Exchange Inc.','Health Care',118.62,'USD',NULL),(748,'KNX','KNIGHT-SWIFT TRANSPORTATION HOLDIN','New York Stock Exchange Inc.','Industrials',39.17,'USD',NULL),(749,'BSY','BENTLEY SYSTEMS INC CLASS B','NASDAQ','Information Technology',42.99,'USD',NULL),(750,'FLS','FLOWSERVE CORP','New York Stock Exchange Inc.','Industrials',45.23,'USD',NULL),(751,'BFB','BROWN FORMAN CORP CLASS B','New York Stock Exchange Inc.','Consumer Staples',34.84,'USD',NULL),(752,'CFLT','CONFLUENT INC CLASS A','NASDAQ','Information Technology',23.81,'USD',NULL),(753,'THG','HANOVER INSURANCE GROUP INC','New York Stock Exchange Inc.','Financials',166.10,'USD',NULL),(754,'ONTO','ONTO INNOVATION INC','New York Stock Exchange Inc.','Information Technology',121.97,'USD',NULL),(755,'MSA','MSA SAFETY INC','New York Stock Exchange Inc.','Industrials',157.42,'USD',NULL),(756,'ARW','ARROW ELECTRONICS INC','New York Stock Exchange Inc.','Information Technology',111.36,'USD',NULL),(757,'POST','POST HOLDINGS INC','New York Stock Exchange Inc.','Consumer Staples',113.17,'USD',NULL),(758,'SAIC','SCIENCE APPLICATIONS INTERNATIONAL','NASDAQ','Industrials',121.03,'USD',NULL),(759,'ENPH','ENPHASE ENERGY INC','NASDAQ','Information Technology',44.59,'USD',NULL),(760,'R','RYDER SYSTEM INC','New York Stock Exchange Inc.','Industrials',137.67,'USD',NULL),(761,'FCN','FTI CONSULTING INC','New York Stock Exchange Inc.','Industrials',166.28,'USD',NULL),(762,'OLED','UNIVERSAL DISPLAY CORP','NASDAQ','Information Technology',125.63,'USD',NULL),(763,'CZR','CAESARS ENTERTAINMENT INC','NASDAQ','Consumer Discretionary',27.06,'USD',NULL),(764,'BEN','FRANKLIN RESOURCES INC','New York Stock Exchange Inc.','Financials',18.76,'USD',NULL),(765,'GTLB','GITLAB INC CLASS A','NASDAQ','Information Technology',46.67,'USD',NULL),(766,'VMI','VALMONT INDS INC','New York Stock Exchange Inc.','Industrials',293.22,'USD',NULL),(767,'RITM','RITHM CAPITAL CORP','New York Stock Exchange Inc.','Financials',11.18,'USD',NULL),(768,'VOYA','VOYA FINANCIAL INC','New York Stock Exchange Inc.','Financials',59.20,'USD',NULL),(769,'SRPT','SAREPTA THERAPEUTICS INC','NASDAQ','Health Care',62.40,'USD',NULL),(770,'APA','APA CORP','NASDAQ','Energy',15.54,'USD',NULL),(771,'KEX','KIRBY CORP','New York Stock Exchange Inc.','Industrials',96.37,'USD',NULL),(772,'AM','ANTERO MIDSTREAM CORP','New York Stock Exchange Inc.','Energy',16.55,'USD',NULL),(773,'CHRD','CHORD ENERGY CORP','NASDAQ','Energy',90.23,'USD',NULL),(774,'MHK','MOHAWK INDUSTRIES INC','New York Stock Exchange Inc.','Consumer Discretionary',106.35,'USD',NULL),(775,'COLD','AMERICOLD REALTY INC TRUST','New York Stock Exchange Inc.','Real Estate',19.34,'USD',NULL),(776,'LPX','LOUISIANA PACIFIC CORP','New York Stock Exchange Inc.','Materials',86.31,'USD',NULL),(777,'UHALB','U HAUL NON VOTING SERIES N','New York Stock Exchange Inc.','Industrials',54.80,'USD',NULL),(778,'HR','HEALTHCARE REALTY TRUST INC CLASS','New York Stock Exchange Inc.','Real Estate',15.53,'USD',NULL),(779,'CROX','CROCS INC','NASDAQ','Consumer Discretionary',96.42,'USD',NULL),(780,'OMF','ONEMAIN HOLDINGS INC','New York Stock Exchange Inc.','Financials',47.07,'USD',NULL),(781,'OSK','OSHKOSH CORP','New York Stock Exchange Inc.','Industrials',83.76,'USD',NULL),(782,'AGCO','AGCO CORP','New York Stock Exchange Inc.','Industrials',84.83,'USD',NULL),(783,'MAT','MATTEL INC','NASDAQ','Consumer Discretionary',15.89,'USD',NULL),(784,'ALK','ALASKA AIR GROUP INC','New York Stock Exchange Inc.','Industrials',44.27,'USD',NULL),(785,'LNC','LINCOLN NATIONAL CORP','New York Stock Exchange Inc.','Financials',31.87,'USD',NULL),(786,'MTN','VAIL RESORTS INC','New York Stock Exchange Inc.','Consumer Discretionary',139.20,'USD',NULL),(787,'PATH','UIPATH INC CLASS A','New York Stock Exchange Inc.','Information Technology',11.94,'USD',NULL),(788,'SN','SHARKNINJA INC','New York Stock Exchange Inc.','Consumer Discretionary',80.50,'USD',NULL),(789,'FOUR','SHIFT4 PAYMENTS INC CLASS A','New York Stock Exchange Inc.','Financials',81.80,'USD',NULL),(790,'SITE','SITEONE LANDSCAPE SUPPLY INC','New York Stock Exchange Inc.','Industrials',114.81,'USD',NULL),(791,'LOPE','GRAND CANYON EDUCATION INC','NASDAQ','Consumer Discretionary',178.37,'USD',NULL),(792,'CRUS','CIRRUS LOGIC INC','NASDAQ','Information Technology',96.04,'USD',NULL),(793,'FMC','FMC CORP','New York Stock Exchange Inc.','Materials',41.92,'USD',NULL),(794,'VNOM','VIPER ENERGY INC CLASS A','NASDAQ','Energy',40.33,'USD',NULL),(795,'WEX','WEX INC','New York Stock Exchange Inc.','Financials',130.37,'USD',NULL),(796,'IVZ','INVESCO LTD','New York Stock Exchange Inc.','Financials',13.93,'USD',NULL),(797,'S','SENTINELONE INC CLASS A','New York Stock Exchange Inc.','Information Technology',18.50,'USD',NULL),(798,'DAR','DARLING INGREDIENTS INC','New York Stock Exchange Inc.','Consumer Staples',32.19,'USD',NULL),(799,'GNTX','GENTEX CORP','NASDAQ','Consumer Discretionary',21.78,'USD',NULL),(800,'ETSY','ETSY INC','NASDAQ','Consumer Discretionary',43.48,'USD',NULL),(801,'ROIV','ROIVANT SCIENCES LTD','NASDAQ','Health Care',11.62,'USD',NULL),(802,'VNT','VONTIER CORP','New York Stock Exchange Inc.','Information Technology',31.81,'USD',NULL),(803,'GLOB','GLOBANT SA','New York Stock Exchange Inc.','Information Technology',117.57,'USD',NULL),(804,'AMG','AFFILIATED MANAGERS GROUP INC','New York Stock Exchange Inc.','Financials',165.63,'USD',NULL),(805,'DINO','HF SINCLAIR CORP','New York Stock Exchange Inc.','Energy',30.07,'USD',NULL),(806,'CE','CELANESE CORP','New York Stock Exchange Inc.','Materials',44.51,'USD',NULL),(807,'AL','AIR LEASE CORP CLASS A','New York Stock Exchange Inc.','Industrials',46.76,'USD',NULL),(808,'APPF','APPFOLIO INC CLASS A','NASDAQ','Information Technology',206.52,'USD',NULL),(809,'LSTR','LANDSTAR SYSTEM INC','NASDAQ','Industrials',134.15,'USD',NULL),(810,'LEA','LEAR CORP','New York Stock Exchange Inc.','Consumer Discretionary',85.75,'USD',NULL),(811,'FNB','FNB CORP','New York Stock Exchange Inc.','Financials',13.09,'USD',NULL),(812,'DLB','DOLBY LABORATORIES INC CLASS A','New York Stock Exchange Inc.','Information Technology',76.79,'USD',NULL),(813,'IONS','IONIS PHARMACEUTICALS INC','NASDAQ','Health Care',30.71,'USD',NULL),(814,'LYFT','LYFT INC CLASS A','NASDAQ','Industrials',12.40,'USD',NULL),(815,'INSP','INSPIRE MEDICAL SYSTEMS INC','New York Stock Exchange Inc.','Health Care',158.38,'USD',NULL),(816,'WSC','WILLSCOT HOLDINGS CORP CLASS A','NASDAQ','Industrials',25.12,'USD',NULL),(817,'BIO','BIO RAD LABORATORIES INC CLASS A','New York Stock Exchange Inc.','Health Care',244.08,'USD',NULL),(818,'CGNX','COGNEX CORP','NASDAQ','Information Technology',27.30,'USD',NULL),(819,'BILL','BILL HOLDINGS INC','New York Stock Exchange Inc.','Information Technology',45.57,'USD',NULL),(820,'NOV','NOV INC','New York Stock Exchange Inc.','Energy',11.61,'USD',NULL),(821,'MTDR','MATADOR RESOURCES','New York Stock Exchange Inc.','Energy',39.54,'USD',NULL),(822,'COLB','COLUMBIA BANKING SYSTEM INC','NASDAQ','Financials',22.42,'USD',NULL),(823,'H','HYATT HOTELS CORP CLASS A','New York Stock Exchange Inc.','Consumer Discretionary',112.68,'USD',NULL),(824,'MKSI','MKS INSTRUMENTS INC','NASDAQ','Information Technology',70.14,'USD',NULL),(825,'ELAN','ELANCO ANIMAL HEALTH INC','New York Stock Exchange Inc.','Health Care',9.48,'USD',NULL),(826,'ESI','ELEMENT SOLUTIONS INC','New York Stock Exchange Inc.','Materials',20.41,'USD',NULL),(827,'SIRI','SIRIUSXM HOLDINGS INC','NASDAQ','Communication',21.42,'USD',NULL),(828,'WTM','WHITE MOUNTAINS INSURANCE GROUP LT','New York Stock Exchange Inc.','Financials',1767.45,'USD',NULL),(829,'RHI','ROBERT HALF','New York Stock Exchange Inc.','Industrials',44.30,'USD',NULL),(830,'CUZ','COUSINS PROPERTIES REIT INC','New York Stock Exchange Inc.','Real Estate',27.54,'USD',NULL),(831,'NXST','NEXSTAR MEDIA GROUP INC','NASDAQ','Communication',149.66,'USD',NULL),(832,'OZK','BANK OZK','NASDAQ','Financials',42.60,'USD',NULL),(833,'AN','AUTONATION INC','New York Stock Exchange Inc.','Consumer Discretionary',174.15,'USD',NULL),(834,'CCCS','CCC INTELLIGENT SOLUTIONS HOLDINGS','NASDAQ','Information Technology',9.26,'USD',NULL),(835,'VVV','VALVOLINE INC','New York Stock Exchange Inc.','Consumer Discretionary',34.26,'USD',NULL),(836,'GTES','GATES INDUSTRIAL PLC','New York Stock Exchange Inc.','Industrials',18.92,'USD',NULL),(837,'AGO','ASSURED GUARANTY LTD','New York Stock Exchange Inc.','Financials',87.73,'USD',NULL),(838,'SLGN','SILGAN HOLDINGS INC','New York Stock Exchange Inc.','Materials',51.65,'USD',NULL),(839,'BRKR','BRUKER CORP','NASDAQ','Health Care',40.06,'USD',NULL),(840,'LFUS','LITTELFUSE INC','NASDAQ','Information Technology',182.31,'USD',NULL),(841,'BYD','BOYD GAMING CORP','New York Stock Exchange Inc.','Consumer Discretionary',69.14,'USD',NULL),(842,'EEFT','EURONET WORLDWIDE INC','NASDAQ','Financials',99.10,'USD',NULL),(843,'GAP','GAP INC','New York Stock Exchange Inc.','Consumer Discretionary',21.90,'USD',NULL),(844,'TKR','TIMKEN','New York Stock Exchange Inc.','Industrials',64.25,'USD',NULL),(845,'JHG','JANUS HENDERSON GROUP PLC','New York Stock Exchange Inc.','Financials',33.21,'USD',NULL),(846,'LAZ','LAZARD INC','New York Stock Exchange Inc.','Financials',38.90,'USD',NULL),(847,'SPR','SPIRIT AEROSYSTEMS INC CLASS A','New York Stock Exchange Inc.','Industrials',36.00,'USD',NULL),(848,'GXO','GXO LOGISTICS INC','New York Stock Exchange Inc.','Industrials',36.24,'USD',NULL),(849,'PEGA','PEGASYSTEMS INC','NASDAQ','Information Technology',92.08,'USD',NULL),(850,'VFC','VF CORP','New York Stock Exchange Inc.','Consumer Discretionary',11.88,'USD',NULL),(851,'NEU','NEWMARKET CORP','New York Stock Exchange Inc.','Materials',615.30,'USD',NULL),(852,'FIVE','FIVE BELOW INC','NASDAQ','Consumer Discretionary',75.89,'USD',NULL),(853,'SON','SONOCO PRODUCTS','New York Stock Exchange Inc.','Materials',41.00,'USD',NULL),(854,'CLF','CLEVELAND CLIFFS INC','New York Stock Exchange Inc.','Materials',8.24,'USD',NULL),(855,'AVT','AVNET INC','NASDAQ','Information Technology',46.99,'USD',NULL),(856,'WHR','WHIRLPOOL CORP','New York Stock Exchange Inc.','Consumer Discretionary',76.28,'USD',NULL),(857,'HXL','HEXCEL CORP','New York Stock Exchange Inc.','Industrials',48.47,'USD',NULL),(858,'LITE','LUMENTUM HOLDINGS INC','NASDAQ','Information Technology',59.04,'USD',NULL),(859,'TPG','TPG INC CLASS A','NASDAQ','Financials',46.45,'USD',NULL),(860,'SEE','SEALED AIR CORP','New York Stock Exchange Inc.','Materials',27.56,'USD',NULL),(861,'THO','THOR INDUSTRIES INC','New York Stock Exchange Inc.','Consumer Discretionary',72.42,'USD',NULL),(862,'BEPC','BROOKFIELD RENEWABLE SUBORDINATE V','New York Stock Exchange Inc.','Utilities',28.46,'USD',NULL),(863,'RYN','RAYONIER REIT INC','New York Stock Exchange Inc.','Real Estate',24.46,'USD',NULL),(864,'PVH','PVH CORP','New York Stock Exchange Inc.','Consumer Discretionary',68.98,'USD',NULL),(865,'KMPR','KEMPER CORP','New York Stock Exchange Inc.','Financials',59.12,'USD',NULL),(866,'SNDK','SANDISK CORP','NASDAQ','Information Technology',32.11,'USD',NULL),(867,'MSGS','MADISON SQUARE GARDEN SPORTS CORP','New York Stock Exchange Inc.','Communication',192.57,'USD',NULL),(868,'NWS','NEWS CORP CLASS B','NASDAQ','Communication',31.42,'USD',NULL),(869,'EPR','EPR PROPERTIES REIT','New York Stock Exchange Inc.','Real Estate',49.49,'USD',NULL),(870,'CHH','CHOICE HOTELS INTERNATIONAL INC','New York Stock Exchange Inc.','Consumer Discretionary',126.11,'USD',NULL),(871,'KRC','KILROY REALTY REIT CORP','New York Stock Exchange Inc.','Real Estate',31.51,'USD',NULL),(872,'MSM','MSC INDUSTRIAL INC CLASS A','New York Stock Exchange Inc.','Industrials',76.48,'USD',NULL),(873,'GFS','GLOBALFOUNDRIES INC','NASDAQ','Information Technology',35.07,'USD',NULL),(874,'MDU','MDU RESOURCES GROUP INC','New York Stock Exchange Inc.','Utilities',17.14,'USD',NULL),(875,'PRGO','PERRIGO PLC','New York Stock Exchange Inc.','Health Care',25.72,'USD',NULL),(876,'FRPT','FRESHPET INC','NASDAQ','Consumer Staples',73.54,'USD',NULL),(877,'BHF','BRIGHTHOUSE FINANCIAL INC','NASDAQ','Financials',58.22,'USD',NULL),(878,'OGN','ORGANON','New York Stock Exchange Inc.','Health Care',12.93,'USD',NULL),(879,'RARE','ULTRAGENYX PHARMACEUTICAL INC','NASDAQ','Health Care',38.98,'USD',NULL),(880,'LOAR','LOAR HOLDINGS INC','New York Stock Exchange Inc.','Industrials',94.58,'USD',NULL),(881,'LLYVK','LIBERTY MEDIA LIBERTY LIVE CORP SE','NASDAQ','Communication',71.51,'USD',NULL),(882,'VIRT','VIRTU FINANCIAL INC CLASS A','NASDAQ','Financials',39.15,'USD',NULL),(883,'ELF','ELF BEAUTY INC','New York Stock Exchange Inc.','Consumer Staples',61.87,'USD',NULL),(884,'ST','SENSATA TECHNOLOGIES HOLDING PLC','New York Stock Exchange Inc.','Industrials',21.40,'USD',NULL),(885,'AMTM','AMENTUM HOLDINGS INC','New York Stock Exchange Inc.','Industrials',21.82,'USD',NULL),(886,'FLO','FLOWERS FOODS INC','New York Stock Exchange Inc.','Consumer Staples',17.59,'USD',NULL),(887,'MPW','MEDICAL PROPERTIES TRUST REIT INC','New York Stock Exchange Inc.','Real Estate',5.52,'USD',NULL),(888,'MRP','MILLROSE PROPERTIES INC CLASS A','New York Stock Exchange Inc.','Real Estate',25.04,'USD',NULL),(889,'MP','MP MATERIALS CORP CLASS A','New York Stock Exchange Inc.','Materials',24.46,'USD',NULL),(890,'ZG','ZILLOW GROUP INC CLASS A','NASDAQ','Real Estate',65.98,'USD',NULL),(891,'M','MACYS INC','New York Stock Exchange Inc.','Consumer Discretionary',11.42,'USD',NULL),(892,'HIW','HIGHWOODS PROPERTIES REIT INC','New York Stock Exchange Inc.','Real Estate',28.44,'USD',NULL),(893,'PSN','PARSONS CORP','New York Stock Exchange Inc.','Industrials',66.86,'USD',NULL),(894,'VKTX','VIKING THERAPEUTICS INC','NASDAQ','Health Care',28.87,'USD',NULL),(895,'WLK','WESTLAKE CORP','New York Stock Exchange Inc.','Materials',92.43,'USD',NULL),(896,'AMED','AMEDISYS INC','NASDAQ','Health Care',94.90,'USD',NULL),(897,'CACC','CREDIT ACCEPTANCE CORP','NASDAQ','Financials',487.42,'USD',NULL),(898,'ADT','ADT INC','New York Stock Exchange Inc.','Consumer Discretionary',8.02,'USD',NULL),(899,'WFRD','WEATHERFORD INTERNATIONAL PLC','NASDAQ','Energy',41.40,'USD',NULL),(900,'LINE','LINEAGE INC','NASDAQ','Real Estate',48.23,'USD',NULL),(901,'TNL','TRAVEL LEISURE','New York Stock Exchange Inc.','Consumer Discretionary',43.93,'USD',NULL),(902,'BC','BRUNSWICK CORP','New York Stock Exchange Inc.','Consumer Discretionary',46.05,'USD',NULL),(903,'FHB','FIRST HAWAIIAN INC','NASDAQ','Financials',22.86,'USD',NULL),(904,'W','WAYFAIR INC CLASS A','New York Stock Exchange Inc.','Consumer Discretionary',30.16,'USD',NULL),(905,'SARO','STANDARDAERO','New York Stock Exchange Inc.','Industrials',27.02,'USD',NULL),(906,'XRAY','DENTSPLY SIRONA INC','NASDAQ','Health Care',13.90,'USD',NULL),(907,'PAG','PENSKE AUTOMOTIVE GROUP VOTING INC','New York Stock Exchange Inc.','Consumer Discretionary',155.67,'USD',NULL),(908,'DXC','DXC TECHNOLOGY','New York Stock Exchange Inc.','Information Technology',15.52,'USD',NULL),(909,'ASH','ASHLAND INC','New York Stock Exchange Inc.','Materials',54.39,'USD',NULL),(910,'CIVI','CIVITAS RESOURCES INC','New York Stock Exchange Inc.','Energy',27.25,'USD',NULL),(911,'DNB','DUN BRADST HLDG INC','New York Stock Exchange Inc.','Industrials',8.97,'USD',NULL),(912,'IRDM','IRIDIUM COMMUNICATIONS INC','NASDAQ','Communication',24.13,'USD',NULL),(913,'RH','RH','New York Stock Exchange Inc.','Consumer Discretionary',184.03,'USD',NULL),(914,'NVST','ENVISTA HOLDINGS CORP','New York Stock Exchange Inc.','Health Care',16.08,'USD',NULL),(915,'WU','WESTERN UNION','New York Stock Exchange Inc.','Financials',9.91,'USD',NULL),(916,'IAC','IAC INC','NASDAQ','Communication',34.94,'USD',NULL),(917,'NSA','NATIONAL STORAGE AFFILIATES TRUST','New York Stock Exchange Inc.','Real Estate',37.20,'USD',NULL),(918,'HOG','HARLEY DAVIDSON INC','New York Stock Exchange Inc.','Consumer Discretionary',22.42,'USD',NULL),(919,'OLN','OLIN CORP','New York Stock Exchange Inc.','Materials',21.62,'USD',NULL),(920,'LCID','LUCID GROUP INC','NASDAQ','Consumer Discretionary',2.51,'USD',NULL),(921,'YETI','YETI HOLDINGS INC','New York Stock Exchange Inc.','Consumer Discretionary',28.55,'USD',NULL),(922,'CWEN','CLEARWAY ENERGY INC CLASS C','New York Stock Exchange Inc.','Utilities',29.34,'USD',NULL),(923,'PENN','PENN ENTERTAINMENT INC','NASDAQ','Consumer Discretionary',15.22,'USD',NULL),(924,'ZI','ZOOMINFO TECHNOLOGIES INC','NASDAQ','Communication',8.56,'USD',NULL),(925,'ALGM','ALLEGRO MICROSYSTEMS INC','NASDAQ','Information Technology',19.07,'USD',NULL),(926,'CNXC','CONCENTRIX CORP','NASDAQ','Industrials',51.06,'USD',NULL),(927,'SAM','BOSTON BEER INC CLASS A','New York Stock Exchange Inc.','Consumer Staples',245.80,'USD',NULL),(928,'JWN','NORDSTROM INC','New York Stock Exchange Inc.','Consumer Discretionary',24.14,'USD',NULL),(929,'CXT','CRANE NXT','New York Stock Exchange Inc.','Information Technology',46.92,'USD',NULL),(930,'HUN','HUNTSMAN CORP','New York Stock Exchange Inc.','Materials',13.31,'USD',NULL),(931,'SMG','SCOTTS MIRACLE GRO','New York Stock Exchange Inc.','Materials',50.38,'USD',NULL),(932,'WEN','WENDYS','NASDAQ','Consumer Discretionary',12.50,'USD',NULL),(933,'HHH','HOWARD HUGHES HOLDINGS INC','New York Stock Exchange Inc.','Real Estate',66.53,'USD',NULL),(934,'RNG','RINGCENTRAL INC CLASS A','New York Stock Exchange Inc.','Information Technology',25.50,'USD',NULL),(935,'TDC','TERADATA CORP','New York Stock Exchange Inc.','Information Technology',21.50,'USD',NULL),(936,'COLM','COLUMBIA SPORTSWEAR','NASDAQ','Consumer Discretionary',62.17,'USD',NULL),(937,'PPC','PILGRIMS PRIDE CORP','NASDAQ','Consumer Staples',54.58,'USD',NULL),(938,'ACHC','ACADIA HEALTHCARE COMPANY INC','NASDAQ','Health Care',23.40,'USD',NULL),(939,'BOKF','BOK FINANCIAL CORP','NASDAQ','Financials',93.17,'USD',NULL),(940,'PINC','PREMIER INC CLASS A','NASDAQ','Health Care',20.35,'USD',NULL),(941,'ECG','EVERUS CONSTRUCTION GROUP INC','New York Stock Exchange Inc.','Industrials',40.24,'USD',NULL),(942,'PK','PARK HOTELS RESORTS INC','New York Stock Exchange Inc.','Real Estate',9.94,'USD',NULL),(943,'MAN','MANPOWER INC','New York Stock Exchange Inc.','Industrials',43.07,'USD',NULL),(944,'BIRK','BIRKENSTOCK HOLDING PLC','New York Stock Exchange Inc.','Consumer Discretionary',46.85,'USD',NULL),(945,'NWL','NEWELL BRANDS INC','NASDAQ','Consumer Discretionary',4.78,'USD',NULL),(946,'APLS','APELLIS PHARMACEUTICALS INC','NASDAQ','Health Care',19.21,'USD',NULL),(947,'AAP','ADVANCE AUTO PARTS INC','New York Stock Exchange Inc.','Consumer Discretionary',32.72,'USD',NULL),(948,'VAC','MARRIOTT VACATIONS WORLDWIDE CORP','New York Stock Exchange Inc.','Consumer Discretionary',54.81,'USD',NULL),(949,'AMKR','AMKOR TECHNOLOGY INC','NASDAQ','Information Technology',17.45,'USD',NULL),(950,'COTY','COTY INC CLASS A','New York Stock Exchange Inc.','Consumer Staples',5.05,'USD',NULL),(951,'LBTYK','LIBERTY GLOBAL LTD CLASS C','NASDAQ','Communication',11.34,'USD',NULL),(952,'NCNO','NCINO INC','NASDAQ','Information Technology',23.20,'USD',NULL),(953,'ENOV','ENOVIS CORP','New York Stock Exchange Inc.','Health Care',34.59,'USD',NULL),(954,'HAYW','HAYWARD HOLDINGS INC','New York Stock Exchange Inc.','Industrials',13.33,'USD',NULL),(955,'DJT','TRUMP MEDIA TECHNOLOGY GROUP CORP','NASDAQ','Communication',24.54,'USD',NULL),(956,'CC','CHEMOURS','New York Stock Exchange Inc.','Materials',12.38,'USD',NULL),(957,'DV','DOUBLEVERIFY HOLDINGS INC','New York Stock Exchange Inc.','Information Technology',13.26,'USD',NULL),(958,'FIVN','FIVE9 INC','NASDAQ','Information Technology',25.14,'USD',NULL),(959,'LBTYA','LIBERTY GLOBAL LTD CLASS A','NASDAQ','Communication',10.95,'USD',NULL),(960,'IPGP','IPG PHOTONICS CORP','NASDAQ','Information Technology',59.89,'USD',NULL),(961,'RKT','ROCKET COMPANIES INC CLASS A','New York Stock Exchange Inc.','Financials',12.91,'USD',NULL),(962,'CLVT','CLARIVATE PLC','New York Stock Exchange Inc.','Industrials',4.31,'USD',NULL),(963,'QDEL','QUIDELORTHO CORP','NASDAQ','Health Care',27.79,'USD',NULL),(964,'SHC','SOTERA HEALTH COMPANY','NASDAQ','Health Care',11.50,'USD',NULL),(965,'CPRI','CAPRI HOLDINGS LTD','New York Stock Exchange Inc.','Consumer Discretionary',15.04,'USD',NULL),(966,'PII','POLARIS INC','New York Stock Exchange Inc.','Consumer Discretionary',33.96,'USD',NULL),(967,'BFA','BROWN FORMAN CORP CLASS A','New York Stock Exchange Inc.','Consumer Staples',34.61,'USD',NULL),(968,'FWONA','LIBERTY MEDIA FORMULA ONE CORP SER','NASDAQ','Communication',80.55,'USD',NULL),(969,'SPB','SPECTRUM BRANDS HOLDINGS INC','New York Stock Exchange Inc.','Consumer Staples',63.10,'USD',NULL),(970,'CAR','AVIS BUDGET GROUP INC','NASDAQ','Industrials',92.63,'USD',NULL),(971,'CERT','CERTARA INC','NASDAQ','Health Care',13.86,'USD',NULL),(972,'GO','GROCERY OUTLET HOLDING CORP','NASDAQ','Consumer Staples',16.79,'USD',NULL),(973,'INFA','INFORMATICA INC CLASS A','New York Stock Exchange Inc.','Information Technology',18.83,'USD',NULL),(974,'LBRDA','LIBERTY BROADBAND CORP SERIES A','NASDAQ','Communication',89.05,'USD',NULL),(975,'AS','AMER SPORTS INC','New York Stock Exchange Inc.','Consumer Discretionary',24.25,'USD',NULL),(976,'QS','QUANTUMSCAPE CORP CLASS A','New York Stock Exchange Inc.','Consumer Discretionary',3.91,'USD',NULL),(977,'UI','UBIQUITI INC','New York Stock Exchange Inc.','Information Technology',326.45,'USD',NULL),(978,'LLYVA','LIBERTY MEDIA LIBERTY LIVE CORP SE','NASDAQ','Communication',69.98,'USD',NULL),(979,'LEG','LEGGETT & PLATT INC','New York Stock Exchange Inc.','Consumer Discretionary',9.62,'USD',NULL),(980,'TRIP','TRIPADVISOR INC','NASDAQ','Communication',12.45,'USD',NULL),(981,'REYN','REYNOLDS CONSUMER PRODUCTS INC','NASDAQ','Consumer Staples',23.00,'USD',NULL),(982,'CRI','CARTERS INC','New York Stock Exchange Inc.','Consumer Discretionary',33.05,'USD',NULL),(983,'CNA','CNA FINANCIAL CORP','New York Stock Exchange Inc.','Financials',48.16,'USD',NULL),(984,'LENB','LENNAR CORP CLASS B','New York Stock Exchange Inc.','Consumer Discretionary',103.37,'USD',NULL),(985,'UAA','UNDER ARMOUR INC CLASS A','New York Stock Exchange Inc.','Consumer Discretionary',5.72,'USD',NULL),(986,'UA','UNDER ARMOUR INC CLASS C','New York Stock Exchange Inc.','Consumer Discretionary',5.44,'USD',NULL),(987,'DDS','DILLARDS INC CLASS A','New York Stock Exchange Inc.','Consumer Discretionary',346.66,'USD',NULL),(988,'AZTA','AZENTA INC','NASDAQ','Health Care',26.34,'USD',NULL),(989,'SNDR','SCHNEIDER NATIONAL INC CLASS B','New York Stock Exchange Inc.','Industrials',21.49,'USD',NULL),(990,'GRAL','GRAIL INC','NASDAQ','Health Care',34.49,'USD',NULL),(991,'CWENA','CLEARWAY ENERGY INC CLASS A','New York Stock Exchange Inc.','Utilities',27.35,'USD',NULL),(992,'VSTS','VESTIS CORP','New York Stock Exchange Inc.','Industrials',8.76,'USD',NULL),(993,'TXG','10X GENOMICS INC CLASS A','NASDAQ','Health Care',8.27,'USD',NULL),(994,'TFSL','TFS FINANCIAL CORP','NASDAQ','Financials',12.96,'USD',NULL),(995,'KSS','KOHLS CORP','New York Stock Exchange Inc.','Consumer Discretionary',6.70,'USD',NULL),(996,'SFD','SMITHFIELD FOODS INC','NASDAQ','Consumer Staples',22.21,'USD',NULL),(997,'FTRE','FORTREA HOLDINGS INC','NASDAQ','Health Care',6.23,'USD',NULL),(998,'UHAL','U HAUL HOLDING','New York Stock Exchange Inc.','Industrials',61.39,'USD',NULL),(999,'SEB','SEABOARD CORP','Nyse Mkt Llc','Consumer Staples',2585.98,'USD',NULL),(1000,'WOLF','WOLFSPEED INC','New York Stock Exchange Inc.','Information Technology',3.55,'USD',NULL),(1001,'ANGI','ANGI INC CLASS A','NASDAQ','Communication',11.46,'USD',NULL),(1002,'UWMC','UWM HOLDINGS CORP CLASS A','New York Stock Exchange Inc.','Financials',4.70,'USD',NULL),(1003,'PLTK','PLAYTIKA HOLDING CORP','NASDAQ','Communication',5.27,'USD',NULL),(1004,'NFE','NEW FORTRESS ENERGY INC CLASS A','NASDAQ','Energy',5.43,'USD',NULL),(1005,'INGM','INGRAM MICRO HOLDING CORP','New York Stock Exchange Inc.','Information Technology',17.78,'USD',NULL),(1006,'PARAA','PARAMOUNT GLOBAL CLASS A','NASDAQ','Communication',22.66,'USD',NULL),(1007,'SEG','SEAPORT ENTERTAINMENT GROUP INC','Nyse Mkt Llc','Real Estate',19.15,'USD',NULL),(1008,'--','ESC GCI LIBERTY INC SR ESCROW','NASDAQ','Communication',0.00,'USD',NULL),(1009,'FAM5','S&P MID 400 EMINI JUN 25','Index And Options Market','Cash and/or Derivatives',2857.80,'USD',NULL),(1010,'ESM5','S&P500 EMINI JUN 25','Index And Options Market','Cash and/or Derivatives',5587.00,'USD',NULL);
/*!40000 ALTER TABLE `securities` ENABLE KEYS */;
UNLOCK TABLES;

--
-- Table structure for table `transactions`
--

DROP TABLE IF EXISTS `transactions`;
/*!40101 SET @saved_cs_client     = @@character_set_client */;
/*!50503 SET character_set_client = utf8mb4 */;
CREATE TABLE `transactions` (
  `transaction_id` int NOT NULL AUTO_INCREMENT,
  `portfolio_id` int NOT NULL,
  `security_id` int NOT NULL,
  `transaction_type` enum('BUY','SELL') NOT NULL,
  `quantity` decimal(10,2) NOT NULL,
  `price` decimal(10,2) NOT NULL,
  `transaction_date` datetime NOT NULL,
  `notes` text,
  PRIMARY KEY (`transaction_id`),
  KEY `portfolio_id` (`portfolio_id`),
  KEY `security_id` (`security_id`),
  CONSTRAINT `transactions_ibfk_1` FOREIGN KEY (`portfolio_id`) REFERENCES `portfolios` (`portfolio_id`) ON DELETE CASCADE,
  CONSTRAINT `transactions_ibfk_2` FOREIGN KEY (`security_id`) REFERENCES `securities` (`security_id`) ON DELETE CASCADE
) ENGINE=InnoDB AUTO_INCREMENT=329 DEFAULT CHARSET=utf8mb4 COLLATE=utf8mb4_0900_ai_ci;
/*!40101 SET character_set_client = @saved_cs_client */;

--
-- Dumping data for table `transactions`
--

LOCK TABLES `transactions` WRITE;
/*!40000 ALTER TABLE `transactions` DISABLE KEYS */;
INSERT INTO `transactions` VALUES (111,18,3,'BUY',1.00,108.92,'2025-05-05 17:41:16','Buy transaction'),(112,18,14,'BUY',1.00,1131.72,'2025-05-05 17:41:18','Buy transaction'),(113,18,17,'BUY',1.00,994.50,'2025-05-05 17:41:20','Buy transaction'),(114,18,24,'BUY',1.00,72.55,'2025-05-05 17:41:25','Buy transaction'),(115,18,27,'BUY',1.00,268.71,'2025-05-05 17:41:26','Buy transaction'),(116,18,27,'BUY',1.00,268.71,'2025-05-05 17:41:26','Buy transaction'),(117,18,27,'BUY',1.00,268.71,'2025-05-05 17:41:26','Buy transaction'),(118,18,27,'BUY',1.00,268.71,'2025-05-05 17:41:27','Buy transaction'),(119,18,27,'BUY',1.00,268.71,'2025-05-05 17:41:27','Buy transaction'),(120,18,29,'BUY',1.00,71.01,'2025-05-05 17:41:29','Buy transaction'),(121,18,29,'BUY',1.00,71.01,'2025-05-05 17:41:29','Buy transaction'),(122,18,29,'BUY',1.00,71.01,'2025-05-05 17:41:30','Buy transaction'),(123,18,29,'BUY',1.00,71.01,'2025-05-05 17:41:30','Buy transaction'),(124,18,29,'BUY',1.00,71.01,'2025-05-05 17:41:30','Buy transaction'),(125,18,29,'BUY',1.00,71.01,'2025-05-05 17:41:30','Buy transaction'),(126,19,84,'BUY',1.00,89.12,'2025-05-05 17:41:57','Buy transaction'),(127,19,83,'BUY',1.00,286.08,'2025-05-05 17:41:57','Buy transaction'),(128,19,82,'BUY',1.00,294.37,'2025-05-05 17:41:58','Buy transaction'),(129,19,82,'BUY',1.00,294.37,'2025-05-05 17:41:58','Buy transaction'),(130,19,82,'BUY',1.00,294.37,'2025-05-05 17:41:58','Buy transaction'),(131,19,82,'BUY',1.00,294.37,'2025-05-05 17:41:58','Buy transaction'),(132,19,82,'BUY',1.00,294.37,'2025-05-05 17:41:58','Buy transaction'),(133,19,86,'BUY',1.00,225.47,'2025-05-05 17:41:59','Buy transaction'),(134,19,86,'BUY',1.00,225.47,'2025-05-05 17:41:59','Buy transaction'),(135,19,86,'BUY',1.00,225.47,'2025-05-05 17:41:59','Buy transaction'),(136,19,86,'BUY',1.00,225.47,'2025-05-05 17:41:59','Buy transaction'),(137,19,86,'BUY',1.00,225.47,'2025-05-05 17:41:59','Buy transaction'),(138,20,153,'BUY',1.00,3762.60,'2025-05-05 17:42:39','Buy transaction'),(139,20,153,'BUY',1.00,3762.60,'2025-05-05 17:42:39','Buy transaction'),(140,20,153,'BUY',1.00,3762.60,'2025-05-05 17:42:39','Buy transaction'),(141,20,153,'BUY',1.00,3762.60,'2025-05-05 17:42:39','Buy transaction'),(142,20,153,'BUY',1.00,3762.60,'2025-05-05 17:42:39','Buy transaction'),(143,20,153,'BUY',1.00,3762.60,'2025-05-05 17:42:39','Buy transaction'),(144,20,154,'BUY',1.00,40.34,'2025-05-05 17:42:40','Buy transaction'),(145,20,158,'BUY',1.00,271.09,'2025-05-05 17:42:41','Buy transaction'),(146,20,167,'BUY',1.00,108.34,'2025-05-05 17:42:43','Buy transaction'),(147,21,436,'BUY',1.00,36.89,'2025-05-10 20:33:23','Buy transaction'),(148,21,436,'BUY',1.00,36.89,'2025-05-10 20:33:25','Buy transaction'),(149,21,1,'BUY',1.00,212.50,'2025-05-10 20:33:34','Buy transaction'),(150,21,1,'BUY',1.00,212.50,'2025-05-10 20:33:34','Buy transaction'),(151,21,1,'BUY',1.00,212.50,'2025-05-10 20:33:35','Buy transaction'),(152,21,2,'BUY',1.00,395.26,'2025-05-10 20:33:37','Buy transaction'),(153,21,3,'BUY',1.00,108.92,'2025-05-10 20:33:38','Buy transaction'),(154,21,4,'BUY',1.00,184.42,'2025-05-10 20:33:39','Buy transaction'),(155,21,2,'SELL',1.00,395.26,'2025-05-10 20:33:57','Sell transaction'),(156,21,3,'SELL',1.00,108.92,'2025-05-10 20:34:02','Sell transaction'),(157,18,3,'SELL',1.00,108.92,'2025-05-14 16:42:10','Sell transaction'),(158,18,14,'SELL',1.00,1131.72,'2025-05-14 16:42:11','Sell transaction'),(159,18,17,'SELL',1.00,994.50,'2025-05-14 16:42:15','Sell transaction'),(160,18,24,'SELL',1.00,72.55,'2025-05-14 16:42:16','Sell transaction'),(161,18,27,'SELL',1.00,268.71,'2025-05-14 16:42:16','Sell transaction'),(162,18,27,'SELL',1.00,268.71,'2025-05-14 16:42:17','Sell transaction'),(163,18,27,'SELL',1.00,268.71,'2025-05-14 16:42:17','Sell transaction'),(164,18,27,'SELL',1.00,268.71,'2025-05-14 16:42:20','Sell transaction'),(165,18,27,'SELL',1.00,268.71,'2025-05-14 16:42:20','Sell transaction'),(166,18,29,'SELL',1.00,71.01,'2025-05-14 16:43:01','Sell transaction'),(167,18,29,'SELL',1.00,71.01,'2025-05-14 16:43:14','Sell transaction'),(168,18,29,'SELL',1.00,71.01,'2025-05-14 16:43:17','Sell transaction'),(169,23,2,'BUY',1.00,395.26,'2025-06-05 12:12:20','Buy transaction'),(170,23,13,'BUY',1.00,345.50,'2025-06-05 12:12:28','Buy transaction'),(171,23,1,'BUY',1.00,212.50,'2025-06-05 12:15:05','Buy transaction'),(172,23,1,'SELL',1.00,212.50,'2025-06-05 12:23:24','Sell transaction'),(173,23,2,'SELL',1.00,395.26,'2025-06-05 12:23:26','Sell transaction'),(174,23,13,'SELL',1.00,345.50,'2025-06-05 12:23:28','Sell transaction'),(175,23,34,'BUY',1.00,136.06,'2025-06-05 12:23:47','Buy transaction'),(176,23,42,'BUY',1.00,135.58,'2025-06-05 12:23:54','Buy transaction'),(177,23,49,'BUY',1.00,90.95,'2025-06-05 12:23:59','Buy transaction'),(178,23,34,'SELL',1.00,136.06,'2025-06-05 12:24:18','Sell transaction'),(179,23,42,'SELL',1.00,135.58,'2025-06-05 12:24:19','Sell transaction'),(180,23,49,'SELL',1.00,90.95,'2025-06-05 12:24:20','Sell transaction'),(181,23,1,'BUY',1.00,212.50,'2025-06-05 12:25:05','Buy transaction'),(182,23,14,'BUY',1.00,1131.72,'2025-06-05 12:27:11','Buy transaction'),(183,23,22,'BUY',1.00,360.49,'2025-06-05 12:27:13','Buy transaction'),(184,23,21,'BUY',1.00,156.31,'2025-06-05 12:27:15','Buy transaction'),(185,23,21,'BUY',1.00,156.31,'2025-06-05 12:27:19','Buy transaction'),(186,23,14,'SELL',1.00,1131.72,'2025-06-05 12:27:28','Sell transaction'),(187,23,1,'SELL',1.00,212.50,'2025-06-05 12:27:32','Sell transaction'),(188,23,22,'SELL',1.00,360.49,'2025-06-05 12:27:36','Sell transaction'),(189,23,21,'SELL',1.00,156.31,'2025-06-05 12:27:38','Sell transaction'),(190,23,21,'SELL',1.00,156.31,'2025-06-05 12:27:39','Sell transaction'),(191,23,15,'BUY',1.00,105.63,'2025-06-05 12:30:00','Buy transaction'),(192,23,17,'BUY',1.00,994.50,'2025-06-05 12:30:01','Buy transaction'),(193,23,21,'BUY',1.00,156.31,'2025-06-05 12:30:02','Buy transaction'),(194,23,15,'SELL',1.00,105.63,'2025-06-06 14:17:27','Sell transaction'),(195,23,21,'SELL',1.00,156.31,'2025-06-06 14:17:31','Sell transaction'),(196,23,17,'SELL',1.00,994.50,'2025-06-06 14:17:33','Sell transaction'),(197,23,2,'BUY',1.00,395.26,'2025-06-06 14:21:55','Buy transaction'),(198,23,10,'BUY',1.00,160.89,'2025-06-06 14:21:56','Buy transaction'),(199,23,10,'BUY',1.00,160.89,'2025-06-06 14:21:57','Buy transaction'),(200,23,10,'BUY',1.00,160.89,'2025-06-06 14:21:58','Buy transaction'),(201,23,10,'BUY',1.00,160.89,'2025-06-06 14:21:58','Buy transaction'),(202,23,10,'BUY',1.00,160.89,'2025-06-06 14:21:58','Buy transaction'),(203,23,10,'BUY',1.00,160.89,'2025-06-06 14:21:58','Buy transaction'),(204,23,10,'BUY',1.00,160.89,'2025-06-06 14:21:58','Buy transaction'),(205,23,10,'BUY',1.00,160.89,'2025-06-06 14:21:58','Buy transaction'),(206,23,9,'BUY',1.00,282.16,'2025-06-06 14:21:59','Buy transaction'),(207,23,2,'SELL',1.00,395.26,'2025-06-06 14:22:09','Sell transaction'),(208,23,9,'SELL',1.00,282.16,'2025-06-06 14:22:11','Sell transaction'),(209,23,10,'SELL',1.00,160.89,'2025-06-06 14:22:12','Sell transaction'),(210,23,10,'SELL',1.00,160.89,'2025-06-06 14:22:12','Sell transaction'),(211,23,10,'SELL',1.00,160.89,'2025-06-06 14:22:13','Sell transaction'),(212,23,10,'SELL',1.00,160.89,'2025-06-06 14:22:13','Sell transaction'),(213,23,10,'SELL',1.00,160.89,'2025-06-06 14:22:13','Sell transaction'),(214,23,10,'SELL',1.00,160.89,'2025-06-06 14:22:14','Sell transaction'),(215,23,10,'SELL',1.00,160.89,'2025-06-06 14:22:14','Sell transaction'),(216,23,10,'SELL',1.00,160.89,'2025-06-06 14:22:14','Sell transaction'),(217,23,4,'BUY',1.00,184.42,'2025-06-09 11:33:03','Buy transaction'),(218,23,16,'BUY',1.00,548.06,'2025-06-09 11:33:04','Buy transaction'),(219,23,17,'BUY',1.00,994.50,'2025-06-09 11:33:06','Buy transaction'),(220,23,18,'BUY',1.00,97.25,'2025-06-09 11:33:07','Buy transaction'),(221,23,4,'SELL',1.00,184.42,'2025-06-09 11:37:57','Sell transaction'),(222,23,16,'SELL',1.00,548.06,'2025-06-09 11:37:58','Sell transaction'),(223,23,18,'SELL',1.00,97.25,'2025-06-09 11:37:58','Sell transaction'),(224,23,17,'SELL',1.00,994.50,'2025-06-09 11:37:59','Sell transaction'),(225,23,1,'BUY',1.00,212.50,'2025-06-09 11:42:25','Buy transaction'),(226,23,1,'SELL',1.00,212.50,'2025-06-09 11:42:37','Sell transaction'),(227,23,1,'BUY',1.00,212.50,'2025-06-09 11:44:41','Buy transaction'),(228,23,1,'BUY',1.00,212.50,'2025-06-09 11:47:51','Buy transaction'),(229,23,2,'BUY',1.00,395.26,'2025-06-09 11:48:35','Buy transaction'),(230,23,2,'SELL',1.00,395.26,'2025-06-09 11:53:46','Sell transaction'),(231,23,1,'SELL',1.00,212.50,'2025-06-09 11:57:06','Sell transaction'),(232,23,1,'SELL',1.00,212.50,'2025-06-09 11:57:23','Sell transaction'),(233,23,11,'BUY',1.00,898.95,'2025-06-09 11:58:21','Buy transaction'),(234,23,11,'SELL',1.00,898.95,'2025-06-09 12:56:42','Sell transaction'),(235,23,1,'BUY',2.00,212.50,'2025-06-09 12:57:14','Buy transaction'),(236,23,1,'SELL',1.00,212.50,'2025-06-09 13:00:27','Sell transaction'),(237,23,1,'SELL',1.00,212.50,'2025-06-09 13:00:30','Sell transaction'),(238,23,2,'BUY',2.00,395.26,'2025-06-09 13:01:57','Buy transaction'),(239,23,22,'BUY',1.00,360.49,'2025-06-09 13:02:10','Buy transaction'),(240,23,22,'SELL',1.00,360.49,'2025-06-09 13:02:19','Sell transaction'),(241,23,2,'SELL',1.00,395.26,'2025-06-09 13:03:01','Sell transaction'),(242,23,2,'SELL',1.00,395.26,'2025-06-09 13:03:02','Sell transaction'),(243,23,6,'BUY',2.00,533.25,'2025-06-09 13:03:12','Buy transaction'),(244,23,24,'BUY',1.00,72.55,'2025-06-09 13:03:19','Buy transaction'),(246,23,6,'SELL',1.00,533.25,'2025-06-10 12:48:26','Sell transaction'),(247,23,6,'SELL',1.00,533.25,'2025-06-10 12:48:28','Sell transaction'),(248,23,24,'SELL',1.00,72.55,'2025-06-10 12:48:29','Sell transaction'),(249,23,34,'BUY',4.00,136.06,'2025-06-10 12:48:34','Buy transaction'),(250,23,34,'SELL',1.00,136.06,'2025-06-16 12:53:04','Sell transaction'),(251,23,34,'SELL',1.00,136.06,'2025-06-16 12:53:06','Sell transaction'),(252,23,34,'SELL',1.00,136.06,'2025-06-16 12:53:06','Sell transaction'),(253,23,34,'SELL',1.00,136.06,'2025-06-16 12:53:09','Sell transaction'),(254,23,3,'BUY',2.00,108.92,'2025-06-17 15:09:36','Buy transaction'),(255,23,4,'BUY',1.00,184.42,'2025-06-17 15:09:38','Buy transaction'),(256,23,14,'BUY',1.00,1131.72,'2025-06-17 15:09:45','Buy transaction'),(257,23,3,'SELL',1.00,108.92,'2025-06-18 13:53:21','Sell transaction'),(258,23,3,'SELL',1.00,108.92,'2025-06-21 09:58:55','Sell transaction'),(259,23,4,'SELL',1.00,184.42,'2025-06-21 09:59:00','Sell transaction'),(260,23,14,'SELL',1.00,1131.72,'2025-06-21 09:59:02','Sell transaction'),(261,23,3,'BUY',5.00,108.92,'2025-06-21 10:02:01','Buy transaction'),(262,23,3,'BUY',5.00,108.92,'2025-06-21 10:02:01','Buy transaction'),(263,23,3,'SELL',1.00,108.92,'2025-06-21 10:02:15','Sell transaction'),(264,23,3,'SELL',1.00,108.92,'2025-06-21 10:02:16','Sell transaction'),(265,23,3,'SELL',1.00,108.92,'2025-06-21 10:02:17','Sell transaction'),(267,23,3,'SELL',1.00,108.92,'2025-06-21 10:03:13','Sell transaction'),(268,23,3,'SELL',1.00,108.92,'2025-06-21 10:03:15','Sell transaction'),(269,23,3,'SELL',1.00,108.92,'2025-06-21 10:03:15','Sell transaction'),(270,23,3,'SELL',1.00,108.92,'2025-06-21 10:03:16','Sell transaction'),(271,23,3,'SELL',1.00,108.92,'2025-06-21 10:03:16','Sell transaction'),(272,23,3,'SELL',1.00,108.92,'2025-06-21 10:03:17','Sell transaction'),(273,23,3,'SELL',1.00,108.92,'2025-06-21 10:03:17','Sell transaction'),(274,23,3,'BUY',5.00,108.92,'2025-06-21 10:03:22','Buy transaction'),(275,27,39,'BUY',6.00,27.70,'2025-06-21 10:09:20','Buy transaction'),(276,27,54,'BUY',2.00,374.98,'2025-06-21 10:09:25','Buy transaction'),(277,27,69,'BUY',1.00,81.40,'2025-06-21 10:09:27','Buy transaction'),(278,27,39,'SELL',1.00,27.70,'2025-06-21 10:09:53','Sell transaction'),(279,27,39,'SELL',1.00,27.70,'2025-06-21 10:09:54','Sell transaction'),(280,27,3,'BUY',1.00,108.92,'2025-06-21 10:10:20','Buy transaction'),(281,23,3,'SELL',1.00,108.92,'2025-06-28 19:53:52','Sell transaction'),(282,23,3,'SELL',1.00,108.92,'2025-06-28 19:54:02','Sell transaction'),(283,23,3,'SELL',1.00,108.92,'2025-06-28 19:54:03','Sell transaction'),(284,23,3,'SELL',1.00,108.92,'2025-06-28 19:54:04','Sell transaction'),(285,23,3,'SELL',1.00,108.92,'2025-06-28 19:54:04','Sell transaction'),(286,23,35,'BUY',3.00,241.82,'2025-06-28 19:54:19','Buy transaction'),(287,23,36,'BUY',2.00,453.23,'2025-06-28 19:54:20','Buy transaction'),(289,28,32,'BUY',2.00,130.75,'2025-06-28 23:53:45','Buy transaction'),(290,28,32,'SELL',1.00,130.75,'2025-06-28 23:55:21','Sell transaction'),(291,23,36,'SELL',1.00,453.23,'2025-07-07 13:46:58','Sell transaction'),(292,23,36,'SELL',1.00,469.34,'2025-07-08 09:57:36','Sell transaction'),(293,23,35,'SELL',1.00,295.54,'2025-07-08 09:57:56','Sell transaction'),(294,23,4,'BUY',2.00,222.58,'2025-07-08 10:38:44','Buy transaction'),(295,23,4,'BUY',2.00,222.58,'2025-07-08 10:38:48','Buy transaction'),(296,23,4,'BUY',2.00,222.58,'2025-07-08 10:38:50','Buy transaction'),(297,23,12,'BUY',1.00,282.78,'2025-07-08 18:30:09','Buy transaction'),(298,29,4,'BUY',3.00,226.35,'2025-07-15 17:07:31','Buy transaction'),(299,29,9,'BUY',1.00,310.78,'2025-07-15 17:07:59','Buy transaction'),(300,30,11,'BUY',1.00,771.75,'2025-07-15 19:46:41','Buy transaction'),(301,30,43,'BUY',1.00,41.26,'2025-07-15 19:46:51','Buy transaction'),(302,30,83,'BUY',1.00,275.68,'2025-07-15 19:47:04','Buy transaction'),(303,30,83,'BUY',3.00,275.68,'2025-07-15 19:47:09','Buy transaction'),(304,30,43,'SELL',1.00,41.26,'2025-07-15 19:47:39','Sell transaction'),(305,30,83,'SELL',1.00,275.68,'2025-07-15 19:47:41','Sell transaction'),(306,30,83,'SELL',1.00,275.68,'2025-07-15 19:47:47','Sell transaction'),(307,30,83,'SELL',1.00,275.68,'2025-07-15 19:47:48','Sell transaction'),(308,30,83,'SELL',1.00,275.68,'2025-07-15 19:47:48','Sell transaction'),(309,30,1,'BUY',1.00,209.11,'2025-07-15 19:48:10','Buy transaction'),(310,30,2,'BUY',1.00,505.82,'2025-07-15 19:48:13','Buy transaction'),(311,30,5,'BUY',1.00,710.39,'2025-07-15 19:48:34','Buy transaction'),(312,30,17,'BUY',1.00,967.68,'2025-07-15 19:48:48','Buy transaction'),(313,30,18,'BUY',1.00,95.39,'2025-07-15 19:48:50','Buy transaction'),(314,30,18,'BUY',1.00,95.39,'2025-07-15 19:48:51','Buy transaction'),(315,30,18,'BUY',1.00,95.39,'2025-07-15 19:48:53','Buy transaction'),(316,30,11,'SELL',1.00,771.75,'2025-07-15 19:50:18','Sell transaction'),(317,30,1,'BUY',1.00,209.11,'2025-07-15 19:50:29','Buy transaction'),(318,30,2,'BUY',1.00,505.82,'2025-07-15 19:50:34','Buy transaction'),(319,30,145,'BUY',1.00,1.00,'2025-07-15 19:51:15','Buy transaction'),(320,30,154,'BUY',1.00,45.69,'2025-07-15 19:51:24','Buy transaction'),(321,23,35,'SELL',2.00,282.70,'2025-07-16 09:25:05','Sell transaction'),(322,23,35,'BUY',2.00,282.70,'2025-07-16 09:25:14','Buy transaction'),(323,23,35,'SELL',1.00,282.70,'2025-07-16 09:29:35','Sell transaction'),(324,23,35,'SELL',1.00,282.70,'2025-07-16 09:29:39','Sell transaction'),(325,23,12,'SELL',1.00,286.55,'2025-07-16 09:29:41','Sell transaction'),(326,23,12,'BUY',2.00,286.55,'2025-07-16 09:29:56','Buy transaction'),(327,23,35,'BUY',1.00,282.70,'2025-07-16 09:30:02','Buy transaction'),(328,23,12,'SELL',1.00,286.55,'2025-07-16 09:30:15','Sell transaction');
/*!40000 ALTER TABLE `transactions` ENABLE KEYS */;
UNLOCK TABLES;

--
-- Table structure for table `users`
--

DROP TABLE IF EXISTS `users`;
/*!40101 SET @saved_cs_client     = @@character_set_client */;
/*!50503 SET character_set_client = utf8mb4 */;
CREATE TABLE `users` (
  `user_id` int NOT NULL AUTO_INCREMENT,
  `username` varchar(50) NOT NULL,
  `password` varchar(255) NOT NULL,
  `created_at` datetime DEFAULT CURRENT_TIMESTAMP,
  `role` varchar(255) NOT NULL,
  `balance` decimal(38,2) NOT NULL,
  `total_account_value` decimal(38,2) NOT NULL,
  PRIMARY KEY (`user_id`),
  UNIQUE KEY `username` (`username`)
) ENGINE=InnoDB AUTO_INCREMENT=20 DEFAULT CHARSET=utf8mb4 COLLATE=utf8mb4_0900_ai_ci;
/*!40101 SET character_set_client = @saved_cs_client */;

--
-- Dumping data for table `users`
--

LOCK TABLES `users` WRITE;
/*!40000 ALTER TABLE `users` DISABLE KEYS */;
INSERT INTO `users` VALUES (10,'user1','$2a$10$G8sJ289bzryjCnGUqvanN.j6eD6Bv6/05sImpAoJV9R8xPEm.0VtO','2025-05-05 21:39:54','',0.00,3492.44),(11,'user2','$2a$10$Ajq2S8o7Y8T/PrBnn.QhMuHXJ4eNkwtqb3y0TCrVS63GYUI6lW/AW','2025-05-05 21:40:00','',0.00,22599.65),(12,'user3','$2a$10$BkRR4eGNMWlO9/X4pSEGXOYkvg68grC4xIALRGSvbF0bwktASy3fa','2025-05-05 21:40:06','',0.00,0.00),(13,'maher','$2a$10$EYflVMrPy6c25tzh6wGweuRt3UqqcAG8IHvTdoeCEeu7Jxm6IdOj.','2025-05-11 00:32:33','',0.00,951.62),(14,'username','$2a$10$/FcuUI6h7gqtQwO6ThdNGOnk8MwHIxqPz.SdhadubUORY5AWNDfwC','2025-05-27 02:38:57','ROLE_USER',396.56,2317.39),(15,'tastwani16','$2a$10$1ge20iwLF/SEKusK7HoHau4TwV5j8CPi0.SedastGSAC9OQyNqwgy','2025-06-21 08:08:30','ROLE_USER',48.92,1149.36),(16,'bahnaskm','$2a$10$Q5y/XvHW.BDVJO7/9ARIeu2yM9DuGnBgiAu7I91vce.aO65/VHAb6','2025-06-28 20:51:21','ROLE_USER',869.25,1000.74),(17,'testuser','$2a$10$Ms.KObPZjcPHDbehqp5bSOtO6CRZqc.0By6IeEVFAQ.OYl/ZuBwm2','2025-07-08 14:46:52','ROLE_USER',0.00,0.00),(18,'test','$2a$10$1C8hfiaLdUkSXKGR05U8g.HKuiBQ5LaN.dBBq.RxBbTNmOeeX/mzO','2025-07-15 21:06:49','ROLE_USER',10.17,998.08),(19,'sommersimam','$2a$10$CIwa7Z6pZ2ikQbZ3TuPJSeqIlSEXaiMmwsvyzDgjJAlfwGgxKRBDm','2025-07-15 23:43:12','ROLE_USER',17.95,3461.35);
/*!40000 ALTER TABLE `users` ENABLE KEYS */;
UNLOCK TABLES;

--
-- Table structure for table `watchlist`
--

DROP TABLE IF EXISTS `watchlist`;
/*!40101 SET @saved_cs_client     = @@character_set_client */;
/*!50503 SET character_set_client = utf8mb4 */;
CREATE TABLE `watchlist` (
  `watchlist_id` int NOT NULL AUTO_INCREMENT,
  `user_id` int NOT NULL,
  `security_id` int NOT NULL,
  `added_at` datetime DEFAULT CURRENT_TIMESTAMP,
  `notes` varchar(255) DEFAULT NULL,
  `target_price` double DEFAULT NULL,
  PRIMARY KEY (`watchlist_id`),
  UNIQUE KEY `unique_user_security` (`user_id`,`security_id`),
  KEY `security_id` (`security_id`),
  CONSTRAINT `watchlist_ibfk_1` FOREIGN KEY (`user_id`) REFERENCES `users` (`user_id`) ON DELETE CASCADE,
  CONSTRAINT `watchlist_ibfk_2` FOREIGN KEY (`security_id`) REFERENCES `securities` (`security_id`) ON DELETE CASCADE
) ENGINE=InnoDB AUTO_INCREMENT=68 DEFAULT CHARSET=utf8mb4 COLLATE=utf8mb4_0900_ai_ci;
/*!40101 SET character_set_client = @saved_cs_client */;

--
-- Dumping data for table `watchlist`
--

LOCK TABLES `watchlist` WRITE;
/*!40000 ALTER TABLE `watchlist` DISABLE KEYS */;
INSERT INTO `watchlist` VALUES (9,10,2,'2025-05-05 17:40:57',NULL,NULL),(10,10,1,'2025-05-05 17:40:58',NULL,NULL),(11,10,3,'2025-05-05 17:40:59',NULL,NULL),(12,10,4,'2025-05-05 17:40:59',NULL,NULL),(13,10,5,'2025-05-05 17:41:00',NULL,NULL),(14,11,1,'2025-05-05 17:42:29',NULL,NULL),(15,11,4,'2025-05-05 17:42:30',NULL,NULL),(16,11,9,'2025-05-05 17:42:32',NULL,NULL),(17,13,14,'2025-05-10 20:34:16',NULL,NULL),(18,13,16,'2025-05-10 20:34:18',NULL,NULL),(19,13,17,'2025-05-10 20:34:21',NULL,NULL),(20,13,22,'2025-05-10 20:34:23',NULL,NULL),(54,14,22,'2025-06-21 10:02:34',NULL,NULL),(55,16,3,'2025-06-28 23:52:33',NULL,NULL),(56,14,9,'2025-07-08 10:17:06',NULL,NULL),(57,14,13,'2025-07-08 18:30:19',NULL,NULL),(58,14,39,'2025-07-08 18:30:31',NULL,NULL),(59,14,74,'2025-07-08 18:30:53',NULL,NULL),(60,14,443,'2025-07-15 17:04:37',NULL,NULL),(61,18,944,'2025-07-15 17:07:07',NULL,NULL),(62,18,9,'2025-07-15 17:07:52',NULL,NULL),(63,19,4,'2025-07-15 19:44:58',NULL,NULL),(64,19,142,'2025-07-15 19:45:10',NULL,NULL),(65,19,3,'2025-07-15 19:45:17',NULL,NULL),(66,19,18,'2025-07-15 19:45:26',NULL,NULL);
/*!40000 ALTER TABLE `watchlist` ENABLE KEYS */;
UNLOCK TABLES;
/*!40103 SET TIME_ZONE=@OLD_TIME_ZONE */;

/*!40101 SET SQL_MODE=@OLD_SQL_MODE */;
/*!40014 SET FOREIGN_KEY_CHECKS=@OLD_FOREIGN_KEY_CHECKS */;
/*!40014 SET UNIQUE_CHECKS=@OLD_UNIQUE_CHECKS */;
/*!40101 SET CHARACTER_SET_CLIENT=@OLD_CHARACTER_SET_CLIENT */;
/*!40101 SET CHARACTER_SET_RESULTS=@OLD_CHARACTER_SET_RESULTS */;
/*!40101 SET COLLATION_CONNECTION=@OLD_COLLATION_CONNECTION */;
/*!40111 SET SQL_NOTES=@OLD_SQL_NOTES */;

-- Dump completed on 2025-07-16 14:28:03
